Date,BBCA,TLKM,ASII,UNVR,ANTM
1/2/2019,28175,3870,8450,10000,960
1/3/2019,27700,3910,7225,9810,1055
1/4/2019,27375,3930,7275,9770,940
1/7/2019,29950,4220,7375,9000,850
1/8/2019,31050,4280,7025,9110,925
1/10/2019,6040,4250,6550,9240,955
1/11/2019,6325,4080,6800,8740,855
1/14/2019,26000,3850,8150,9710,780
1/15/2019,26300,3930,8150,9960,820
1/16/2019,26425,3990,8250,9585,870
1/17/2019,26650,3990,8275,9775,845
1/18/2019,27125,4020,8475,9785,850
1/21/2019,27725,4030,8325,9750,855
1/22/2019,28000,4000,8200,9810,830
1/23/2019,27500,3920,8175,9790,860
1/24/2019,27300,3860,8425,9815,895
1/25/2019,27500,3880,8425,9810,930
1/28/2019,27475,3780,8375,9555,910
1/29/2019,27700,3840,8375,9520,920
1/30/2019,27600,3860,8350,9815,950
1/31/2019,28175,3900,8450,10000,965
2/1/2019,26200,3730,8200,9280,740
2/4/2019,27500,3950,7450,9880,920
2/5/2019,28425,3830,7475,9045,820
2/7/2019,30000,4250,7300,9015,840
2/8/2019,30825,4280,7075,9000,900
2/9/2019,30000,4410,6550,9590,1170
2/10/2019,6050,4200,6450,9090,920
2/12/2019,6425,3950,6650,8570,790
2/13/2019,27100,3790,7675,9850,1010
2/14/2019,26900,3740,7600,9775,1000
2/15/2019,26800,3790,7600,9600,950
2/18/2019,27400,3900,7875,9885,995
2/19/2019,26900,3920,7775,9860,1025
2/20/2019,27500,3870,7775,10005,1060
2/21/2019,27525,3870,7700,9905,1035
2/22/2019,27450,3840,7625,9900,1055
2/25/2019,27450,3910,7650,9765,1085
2/26/2019,27775,3930,7600,9995,1045
2/27/2019,27825,3910,7600,9800,1030
2/28/2019,27575,3860,7150,9735,1015
3/1/2019,25900,3740,8375,9500,750
3/5/2019,28375,3820,7425,8930,790
3/7/2019,30000,4240,7275,8980,815
3/9/2019,30275,4350,6475,9495,1110
3/10/2019,6040,4200,6475,9015,965
3/12/2019,6375,3920,6525,8535,775
3/13/2019,27475,3730,7100,9990,965
3/14/2019,27400,3730,7275,9980,965
3/15/2019,27500,3740,7225,9980,975
3/18/2019,27700,3830,7400,9900,955
3/19/2019,27500,3780,7300,9865,960
3/20/2019,27575,3780,7250,9945,960
3/21/2019,27450,3800,7250,9845,965
3/22/2019,27450,3820,7250,9850,960
3/25/2019,27250,3770,7050,9605,920
3/26/2019,27325,3820,7150,9650,915
3/27/2019,27250,3820,7100,9780,900
3/28/2019,27450,3890,7125,9845,880
3/29/2019,27750,3950,7325,9845,885
4/1/2019,26025,3710,8350,9560,760
4/2/2019,27500,3780,8200,9780,1010
4/3/2019,27675,3850,7150,9800,1050
4/4/2019,27725,4040,7575,9800,915
4/7/2019,29950,4250,7250,8995,820
4/9/2019,30100,4290,6500,9515,1100
4/10/2019,6045,4190,6425,9085,960
4/11/2019,6275,4150,6700,8605,840
4/12/2019,6365,3990,6550,8400,785
4/15/2019,27525,3830,7600,9760,885
4/16/2019,27475,3870,7750,9880,895
4/18/2019,28125,3860,7850,9880,885
4/22/2019,28125,3780,7525,9655,855
4/23/2019,28150,3850,7650,9850,890
4/24/2019,28150,3840,7650,9730,880
4/25/2019,27975,3830,7550,9280,870
4/26/2019,28100,3910,7650,9100,875
4/29/2019,28425,3860,7600,9000,875
4/30/2019,28750,3790,7625,9100,865
5/3/2019,27475,3870,7300,9730,1035
5/4/2019,27525,4050,7600,9800,905
5/7/2019,29850,4280,7150,8990,810
5/8/2019,30000,4080,6925,8765,860
5/9/2019,30200,4320,6700,9605,1100
5/11/2019,6360,4200,6900,8770,835
5/12/2019,6340,4060,6700,8430,805
5/13/2019,28050,3770,7025,8720,730
5/14/2019,27475,3760,7000,8570,710
5/15/2019,27300,3660,6950,8400,700
5/16/2019,26400,3600,6775,8360,685
5/17/2019,25900,3510,6700,8320,670
5/20/2019,26900,3600,6900,8460,685
5/21/2019,27300,3600,7000,8475,710
5/22/2019,27300,3540,7000,8415,710
5/23/2019,28025,3660,7100,8620,740
5/24/2019,28050,3750,7175,8705,730
5/27/2019,28425,3820,7125,8640,740
5/28/2019,28675,3690,7075,8500,720
5/29/2019,28700,3780,7200,8700,715
5/31/2019,29100,3900,7450,8900,725
6/2/2019,27675,3860,8225,9975,1095
6/3/2019,27450,3820,7325,9780,1045
6/5/2019,28100,3840,7425,9065,760
6/8/2019,29400,4130,6750,8865,940
6/9/2019,30125,4210,6750,9410,1075
6/11/2019,6295,4120,6850,8690,850
6/12/2019,6395,4100,6775,8450,810
6/13/2019,29025,3990,7500,8980,780
6/14/2019,29000,3990,7425,8960,790
6/17/2019,28975,3900,7375,8960,765
6/18/2019,29500,3980,7500,9120,775
6/19/2019,29700,4100,7650,9180,795
6/20/2019,29550,4040,7600,9220,805
6/21/2019,29400,4040,7450,9060,800
6/24/2019,29375,3980,7350,8935,795
6/25/2019,29550,4010,7350,9045,845
6/26/2019,29325,3980,7250,8965,825
6/27/2019,29675,4090,7375,8970,830
6/28/2019,29975,4140,7450,9000,845
7/1/2019,26225,3770,8150,9720,770
7/2/2019,27650,3860,8200,9945,1060
7/5/2019,28300,3900,7525,8900,765
7/8/2019,30050,4210,6725,8965,1005
7/10/2019,6070,4110,6325,8800,955
7/11/2019,6285,4070,6725,8670,845
7/15/2019,30525,4280,7425,8890,880
7/16/2019,30425,4240,7450,8880,895
7/17/2019,30750,4230,7100,8980,900
7/18/2019,30725,4240,7150,9150,950
7/19/2019,31000,4270,7100,9160,940
7/22/2019,31450,4260,7100,9055,960
7/23/2019,31175,4250,7150,9110,940
7/24/2019,31250,4190,7175,9085,945
7/25/2019,31250,4210,7300,8990,930
7/26/2019,30975,4160,7075,8960,890
7/29/2019,30950,4200,7175,8640,895
7/30/2019,31100,4270,7275,8610,935
7/31/2019,30950,4300,7000,8720,935
8/1/2019,26200,3800,8175,9470,760
8/2/2019,27600,3850,8150,9965,1025
8/3/2019,27200,3740,7150,9620,990
8/4/2019,27575,3980,7550,9640,885
8/5/2019,28500,3900,7400,8960,765
8/7/2019,29400,4270,7300,9000,825
8/8/2019,30025,4260,6900,8930,1020
8/10/2019,6100,4090,6350,8945,930
8/11/2019,6280,4110,6625,8630,835
8/13/2019,30075,4250,6675,8855,1065
8/14/2019,30050,4290,6675,8980,1110
8/15/2019,30000,4290,6525,8940,1120
8/16/2019,29800,4280,6500,8995,1120
8/19/2019,30075,4340,6425,8900,1085
8/20/2019,29925,4470,6425,9035,1050
8/21/2019,29875,4410,6350,8975,1070
8/22/2019,30000,4450,6325,9060,1040
8/23/2019,29975,4380,6575,9165,1015
8/26/2019,29950,4330,6575,9175,1030
8/27/2019,30025,4380,6525,9455,1020
8/28/2019,29975,4370,6450,9575,1050
8/29/2019,30025,4380,6425,9570,1055
8/30/2019,30500,4450,6675,9770,1070
9/1/2019,26275,3730,8200,9200,780
9/4/2019,27725,3970,7700,9800,900
9/5/2019,28150,3800,7150,8610,730
9/7/2019,30000,4350,7275,9005,825
9/8/2019,30325,4260,6775,8965,1065
9/9/2019,30175,4270,6650,9540,1120
9/10/2019,6070,4120,6275,8840,990
9/12/2019,6395,4070,6675,8455,825
9/13/2019,30150,4160,6750,9320,1070
9/16/2019,30025,4220,6700,9390,1050
9/17/2019,30150,4270,6475,9390,1050
9/18/2019,30200,4250,6700,9335,1065
9/19/2019,6030,4210,6600,9315,1045
9/20/2019,5990,4290,6575,9230,1065
9/23/2019,6025,4250,6625,9460,1055
9/24/2019,5945,4210,6475,9455,1015
9/25/2019,5935,4220,6500,9400,1010
9/26/2019,6060,4360,6700,9350,1015
9/27/2019,6070,4310,6650,9400,990
9/30/2019,6070,4310,6600,9300,975
10/1/2019,26275,3800,8200,9665,790
10/4/2019,27675,3950,7675,9860,895
10/5/2019,28050,3790,7175,8840,745
10/6/2019,29400,4040,7675,8930,780
10/7/2019,30000,4290,7450,9000,820
10/9/2019,30275,4270,6675,9530,1130
10/10/2019,6110,4110,6275,8775,995
10/12/2019,6365,4040,6650,8435,825
10/14/2019,6200,4190,6425,8900,1000
10/15/2019,6175,4170,6400,8950,985
10/16/2019,6215,4170,6375,9120,960
10/17/2019,6115,4170,6625,8950,955
10/18/2019,6160,4190,6700,8625,935
10/21/2019,6220,4200,6725,8685,925
10/22/2019,6300,4230,6750,8790,930
10/23/2019,6275,4260,6750,8855,955
10/24/2019,6300,4350,6950,8855,975
10/25/2019,6200,4280,6800,8630,955
10/28/2019,6205,4260,6900,8700,915
10/29/2019,6220,4330,6975,8715,925
10/30/2019,6265,4270,6950,8720,930
10/31/2019,6290,4110,6950,8745,890
11/1/2019,26250,3860,8300,9690,790
11/2/2019,27475,3930,8000,9775,980
11/3/2019,27500,3770,7175,9685,995
11/4/2019,27450,3870,7550,9700,895
11/6/2019,29550,4020,7625,8860,795
11/7/2019,30125,4270,7525,8960,850
11/9/2019,30500,4250,6925,9325,1125
11/10/2019,6125,4170,6475,8835,1015
11/11/2019,6295,4100,6650,8655,830
11/12/2019,6380,4050,6550,8420,825
11/13/2019,6280,4150,6725,8465,820
11/14/2019,6270,4050,6575,8560,815
11/15/2019,6275,4080,6525,8445,825
11/18/2019,6280,4000,6600,8430,820
11/19/2019,6315,4020,6650,8560,835
11/20/2019,6350,4090,6625,8510,825
11/21/2019,6300,4020,6600,8405,815
11/22/2019,6305,4050,6625,8430,810
11/25/2019,6275,3950,6500,8415,815
11/26/2019,6285,3860,6350,8300,810
11/27/2019,6300,3880,6425,8200,780
11/28/2019,6250,3820,6400,8360,750
11/29/2019,6280,3930,6500,8360,750
12/2/2019,27300,3820,7650,9820,960
12/3/2019,27475,3800,7175,9800,970
12/4/2019,27550,3830,7475,9890,880
12/6/2019,29225,3940,7500,9000,785
12/7/2019,30050,4180,7450,8955,845
12/8/2019,30200,4260,6750,8995,1035
12/9/2019,30100,4170,6750,9215,1120
12/11/2019,6265,4180,6775,8640,820
12/12/2019,6340,3950,6550,8200,835
12/13/2019,6360,3990,6850,8245,850
12/16/2019,6360,3970,6975,8180,865
12/17/2019,6500,3980,6950,8195,860
12/18/2019,6755,3990,6900,8185,830
12/19/2019,6600,3900,6850,8140,835
12/20/2019,6660,4020,6925,8325,830
12/23/2019,6660,4020,6900,8330,825
12/26/2019,6680,4000,6875,8490,840
12/27/2019,6695,3990,6925,8560,835
12/30/2019,6685,3970,6925,8400,840
1/4/2020,5480,3100,3770,7150,436
1/7/2020,5800,3040,4810,7800,600
1/9/2020,6520,2900,5250,8225,840
1/10/2020,5570,2750,4610,8025,735
1/12/2020,6395,3240,5550,7700,1155
1/13/2020,6745,4030,6925,8400,870
1/14/2020,6870,3950,7175,8475,850
1/15/2020,6835,3880,7200,8475,835
1/16/2020,6850,3850,7125,8425,845
1/17/2020,6875,3810,7075,8400,840
1/20/2020,6835,3810,7000,8325,795
1/21/2020,6830,3890,7025,8325,795
1/22/2020,6840,3860,7000,8300,770
1/23/2020,6840,3880,7050,8325,780
1/24/2020,6810,3920,6975,8175,785
1/27/2020,6840,3840,6725,8275,750
1/28/2020,6790,3830,6825,8250,750
1/29/2020,6785,3900,6825,8250,750
1/30/2020,6740,3860,6625,8225,740
1/31/2020,6480,3800,6350,7950,720
2/1/2020,6690,3910,6875,8550,840
2/3/2020,6080,3440,5700,6900,585
2/4/2020,5410,3130,3930,7225,452
2/6/2020,5360,3250,4730,8100,555
2/7/2020,5870,3140,4870,8050,610
2/9/2020,6435,2950,5300,8150,850
2/10/2020,5505,2680,4590,8000,725
2/11/2020,5820,2560,5400,7625,1100
2/12/2020,6450,3330,5725,7650,1245
2/13/2020,6790,3730,5950,7400,680
2/14/2020,6680,3640,6100,7475,675
2/17/2020,6720,3610,6100,7400,680
2/18/2020,6695,3620,6100,7400,690
2/19/2020,6695,3620,6250,7475,705
2/20/2020,6595,3630,6275,7650,710
2/21/2020,6615,3690,6200,7500,700
2/24/2020,6525,3640,6100,7225,685
2/25/2020,6530,3590,6225,7300,660
2/26/2020,6420,3510,6050,7300,630
2/27/2020,6290,3470,5950,7150,600
2/28/2020,6290,3490,5525,6825,575
3/1/2020,6800,3980,6950,8575,850
3/2/2020,6440,3740,6275,7850,715
3/3/2020,6320,3620,5900,7125,615
3/4/2020,5495,3200,3900,7100,464
3/6/2020,5780,3290,4890,8225,555
3/7/2020,5870,3120,4850,7900,600
3/8/2020,6130,2920,4880,8250,700
3/9/2020,6500,2900,5175,8175,830
3/11/2020,5890,2580,5500,7825,1110
3/12/2020,6460,3300,5625,7550,1255
3/13/2020,5660,3390,4870,7500,478
3/16/2020,5505,3160,4590,6975,446
3/17/2020,5120,2940,4270,6500,416
3/18/2020,5000,2810,4150,6050,388
3/19/2020,4650,2620,3860,5650,362
3/20/2020,4735,2880,3780,6225,374
3/23/2020,4430,2680,3520,5800,348
3/24/2020,4500,2620,3280,5675,364
3/26/2020,5280,2980,3620,6775,416
3/27/2020,5510,3090,4080,6800,460
3/30/2020,5495,3140,3800,6425,432
3/31/2020,5525,3160,3900,7250,450
4/2/2020,6600,3760,6400,7875,730
4/3/2020,6440,3830,5975,7425,630
4/5/2020,5220,3320,3610,7925,494
4/6/2020,5790,3300,4760,8175,570
4/8/2020,6210,2950,4960,8225,705
4/9/2020,6380,2860,5050,8400,825
4/11/2020,5820,2580,5400,7800,1105
4/12/2020,6390,3250,5700,7600,1245
4/13/2020,5500,3180,3960,7100,535
4/14/2020,5515,3240,3960,7150,555
4/15/2020,5485,3110,3820,6975,525
4/16/2020,5240,3000,3620,6650,505
4/17/2020,5425,3230,3800,6875,520
4/20/2020,5355,3120,3720,7000,500
4/21/2020,5160,3070,3640,6925,482
4/22/2020,5145,3160,3640,7100,492
4/23/2020,5120,3070,3760,7500,498
4/24/2020,4920,3090,3630,7500,494
4/27/2020,4960,3150,3710,7500,505
4/28/2020,4830,3160,3740,7850,492
4/29/2020,4850,3350,3690,8000,498
4/30/2020,5170,3500,3850,8275,510
5/2/2020,6730,3770,6400,8100,725
5/3/2020,6435,3830,6050,7400,630
5/5/2020,5285,3320,3610,8300,500
5/6/2020,5725,3230,5000,8050,590
5/8/2020,6205,3020,5050,8250,750
5/10/2020,5520,2650,4560,8075,720
5/11/2020,6150,2770,5500,7900,1125
5/13/2020,5110,3160,3730,8250,535
5/14/2020,4920,3070,3570,8300,515
5/15/2020,4785,3100,3710,8575,520
5/18/2020,4765,3220,3910,8475,525
5/19/2020,4680,3270,3950,8250,525
5/20/2020,4765,3180,3970,8050,520
5/26/2020,4970,3250,4330,8150,530
5/27/2020,4965,3170,4350,8200,520
5/28/2020,5295,3130,4540,8025,525
5/29/2020,5190,3150,4770,7750,535
6/1/2020,6735,3960,6750,8475,885
6/2/2020,6740,3760,6500,7950,735
6/3/2020,6200,3750,5675,7450,610
6/4/2020,5735,3330,4030,7300,540
6/5/2020,5355,3240,3640,8100,500
6/7/2020,5935,3050,4840,7900,640
6/8/2020,6260,3020,5225,8175,835
6/10/2020,5700,2650,4620,7975,720
6/11/2020,6300,2830,5825,8075,1125
6/15/2020,5500,3090,4740,8275,565
6/16/2020,5760,3200,4970,8275,610
6/17/2020,5720,3210,4970,8275,635
6/18/2020,5585,3280,4800,8050,620
6/19/2020,5575,3280,4890,8050,610
6/22/2020,5540,3200,4890,8050,605
6/23/2020,5620,3130,4900,8000,595
6/24/2020,5705,3180,5000,8075,605
6/25/2020,5725,3160,4900,7900,600
6/26/2020,5645,3190,4900,7900,605
6/29/2020,5675,3180,4800,7925,595
6/30/2020,5695,3050,4800,7900,605
7/1/2020,6740,3940,6775,8450,875
7/2/2020,6760,3790,6400,7900,730
7/4/2020,5655,3220,4060,7275,555
7/7/2020,5990,3120,4830,7925,650
7/8/2020,6180,2980,5275,8125,840
7/9/2020,6285,2900,5025,8375,825
7/10/2020,5755,2660,4630,8000,715
7/12/2020,6520,3330,5850,7675,1280
7/13/2020,6175,3090,4900,8025,675
7/14/2020,6200,3080,4950,8075,660
7/15/2020,6150,3090,5150,8050,655
7/16/2020,6180,3100,5250,8100,650
7/17/2020,6120,3060,5200,8125,660
7/20/2020,6140,3060,5100,8125,650
7/21/2020,6200,3060,5375,8000,685
7/22/2020,6180,3070,5300,8000,685
7/23/2020,6200,3070,5175,8050,690
7/24/2020,6100,3020,5050,8050,685
7/27/2020,6100,3040,5125,8075,725
7/28/2020,6185,3020,5175,8150,720
7/29/2020,6135,3000,5075,8250,730
7/30/2020,6240,3050,5150,8400,730
8/1/2020,6680,3900,6775,8325,905
8/4/2020,5635,3110,3850,7125,520
8/5/2020,5245,3190,3740,8050,535
8/6/2020,5900,3230,5025,8200,630
8/7/2020,6200,3150,4910,8100,660
8/9/2020,6335,2860,5125,8375,825
8/10/2020,5780,2700,4750,8025,720
8/12/2020,6490,3300,5700,7625,1300
8/13/2020,6300,3010,5400,8175,770
8/14/2020,6405,3030,5375,8200,785
8/18/2020,6360,3050,5375,8225,805
8/19/2020,6330,3000,5300,8200,795
8/24/2020,6315,3000,5300,8175,780
8/25/2020,6365,2980,5300,8200,790
8/26/2020,6340,3020,5350,8200,785
8/27/2020,6600,2990,5300,8250,795
8/28/2020,6495,2960,5325,8250,820
8/31/2020,6275,2860,5100,8225,820
9/1/2020,6740,3960,6875,8350,880
9/3/2020,5785,3500,5025,7025,555
9/4/2020,5595,3120,4090,7250,520
9/6/2020,5805,3140,5000,8300,610
9/7/2020,6100,3110,4900,7975,650
9/9/2020,6245,2800,4900,8250,795
9/10/2020,5775,2730,4740,8050,765
9/11/2020,6285,2880,5600,7950,1240
9/14/2020,6050,2890,4790,8200,800
9/15/2020,5860,2830,4820,8100,805
9/16/2020,5750,2790,4780,8000,795
9/17/2020,5755,2820,4860,8075,775
9/18/2020,5630,2890,4780,8025,790
9/21/2020,5605,2810,4670,8000,765
9/22/2020,5450,2780,4670,7950,735
9/23/2020,5505,2800,4630,7925,750
9/24/2020,5445,2730,4600,7800,720
9/25/2020,5610,2690,4860,7925,730
9/28/2020,5515,2660,4740,7900,725
9/29/2020,5505,2630,4570,7975,715
9/30/2020,5420,2560,4460,8100,705
10/1/2020,6725,3980,6825,8250,885
10/2/2020,6785,3810,6200,7875,720
10/3/2020,5925,3490,5150,7100,575
10/6/2020,5800,3110,4850,8200,595
10/7/2020,6200,3110,4830,7925,645
10/8/2020,6120,2970,5125,8100,825
10/9/2020,5810,2700,4560,7975,740
10/11/2020,6480,2860,5750,7800,1200
10/12/2020,6575,3260,5825,7550,1395
10/13/2020,5855,2730,4740,7975,765
10/14/2020,5900,2810,4820,7925,955
10/15/2020,5785,2780,4740,7925,935
10/16/2020,5760,2750,4930,8000,940
10/19/2020,5900,2710,5000,7900,1055
10/20/2020,5805,2670,5175,8000,1035
10/21/2020,5780,2680,5250,7950,1100
10/22/2020,5800,2700,5250,7850,1085
10/23/2020,5770,2630,5400,7925,1085
10/26/2020,5815,2650,5400,7875,1060
10/27/2020,5790,2620,5425,7825,1055
11/2/2020,6780,3790,6100,7850,720
11/3/2020,5850,3400,5125,7300,540
11/5/2020,5295,3220,3920,8075,530
11/6/2020,5680,3080,4700,8200,580
11/8/2020,6175,2930,5225,8050,800
11/9/2020,5905,2810,4630,8300,775
11/11/2020,6540,3080,6000,7750,1195
11/12/2020,6735,3280,5675,7475,1450
11/13/2020,6390,2990,5900,7750,1170
11/16/2020,6480,3070,5925,7725,1185
11/17/2020,6550,3220,5800,7775,1190
11/18/2020,6570,3180,5775,7800,1240
11/19/2020,6615,3170,5725,7775,1235
11/20/2020,6600,3220,5725,7725,1210
11/23/2020,6600,3320,5800,7825,1255
11/24/2020,6565,3350,5800,7850,1235
11/25/2020,6410,3280,5550,7725,1205
11/26/2020,6480,3470,5650,7750,1210
11/27/2020,6385,3460,5550,7750,1230
11/30/2020,6205,3230,5300,7725,1145
12/2/2020,6800,3820,5975,7600,715
12/3/2020,5560,3310,4910,7225,490
12/5/2020,5220,3150,3820,8175,515
12/6/2020,5670,3030,4790,8200,580
12/8/2020,6260,2950,5400,8050,770
12/10/2020,5855,2730,4700,7950,780
12/11/2020,6420,3040,6000,7800,1170
12/14/2020,6820,3320,5675,7500,1525
12/15/2020,6790,3450,5950,7475,1560
12/16/2020,6950,3610,6125,7500,1815
12/17/2020,6935,3540,6200,7425,1815
12/18/2020,6800,3510,6200,7600,1950
12/21/2020,6830,3520,6150,7625,1965
12/22/2020,6715,3360,6075,7475,1835
12/23/2020,6725,3320,6000,7425,1790
12/28/2020,6780,3430,6075,7450,2000
12/29/2020,6765,3420,6050,7350,1945
12/30/2020,6770,3310,6025,7350,1935
1/2/2021,6820,3230,6025,7025,2600
1/3/2021,7045,3490,5600,6825,2840
1/4/2021,6225,3390,5350,6625,2240
1/7/2021,6025,3110,5025,5225,2230
1/9/2021,6565,3340,5175,4100,2390
1/10/2021,6760,3660,5450,3860,2220
1/11/2021,7400,3700,6025,4420,2330
1/12/2021,7300,4080,5650,4310,2270
1/13/2021,7120,3480,6775,7025,3120
1/14/2021,7020,3500,6775,7000,3180
1/15/2021,6955,3480,6575,6950,3120
1/18/2021,7120,3450,6675,7500,2910
1/19/2021,7095,3410,6675,7575,2710
1/20/2021,7095,3470,6675,7400,3190
1/21/2021,7075,3480,6800,7325,3090
1/22/2021,7080,3390,6700,7275,2880
1/25/2021,7035,3370,6475,7250,2870
1/26/2021,6820,3260,6350,7250,2670
1/27/2021,6790,3380,6275,7125,2550
1/28/2021,6900,3240,6275,7075,2380
1/29/2021,6760,3110,6100,6925,2220
2/2/2021,6800,3270,5975,7000,2420
2/3/2021,7015,3460,5575,6825,2730
2/6/2021,6465,3450,5325,5850,2550
2/7/2021,6100,3070,5000,5150,2220
2/8/2021,5960,3310,4820,4400,2510
2/9/2021,6540,3370,5250,4150,2320
2/11/2021,7300,3660,5900,4470,2310
2/12/2021,7500,4160,5850,4290,2340
2/15/2021,6800,3220,5950,7050,2900
2/16/2021,6940,3210,5925,7025,2870
2/17/2021,6900,3150,5800,7100,2750
2/18/2021,6735,3180,5725,6975,2780
2/19/2021,6825,3210,5775,6950,2880
2/22/2021,6790,3170,5700,6875,2950
2/23/2021,6825,3470,5725,6850,2940
2/24/2021,6725,3480,5625,6850,2910
2/25/2021,6705,3490,5575,6775,2960
2/26/2021,6710,3490,5400,7000,2840
3/2/2021,6825,3240,6150,7175,2330
3/3/2021,7000,3440,5675,6875,2700
3/5/2021,6390,3170,5425,5900,2520
3/6/2021,6600,3490,5350,5775,2520
3/8/2021,6145,3330,4940,4380,2470
3/9/2021,6600,3390,5350,4240,2350
3/11/2021,7350,3720,5975,4450,2320
3/12/2021,7375,4070,5750,4220,2340
3/15/2021,6665,3380,5525,6575,2340
3/16/2021,6625,3360,5550,6550,2270
3/17/2021,6610,3390,5575,6475,2300
3/18/2021,6705,3450,5725,6600,2290
3/19/2021,6760,3440,5775,6750,2250
3/22/2021,6620,3380,5575,6700,2260
3/23/2021,6565,3360,5575,6750,2270
3/24/2021,6440,3370,5450,6575,2170
3/25/2021,6370,3410,5450,6650,2180
3/26/2021,6415,3490,5600,6600,2430
3/29/2021,6360,3410,5525,6725,2260
3/30/2021,6395,3380,5400,6550,2210
3/31/2021,6215,3420,5275,6575,2250
4/1/2021,6835,3490,6225,7475,2190
4/2/2021,6855,3290,6200,7300,2400
4/3/2021,6720,3360,5575,6725,2520
4/5/2021,6400,3210,5500,5750,2620
4/6/2021,6580,3500,5225,5650,2430
4/8/2021,6120,3370,4900,4330,2420
4/10/2021,6960,3670,5575,3980,2310
4/11/2021,7375,3770,5975,4450,2380
4/13/2021,6000,3330,5075,6225,2270
4/14/2021,6305,3340,5250,6300,2330
4/15/2021,6280,3360,5250,6400,2320
4/16/2021,6275,3360,5250,6325,2390
4/19/2021,6270,3340,5200,6300,2340
4/20/2021,6235,3320,5300,6225,2350
4/21/2021,6165,3280,5225,6100,2370
4/22/2021,6215,3330,5450,6125,2350
4/23/2021,6390,3310,5625,6075,2320
4/26/2021,6285,3250,5625,6125,2390
4/27/2021,6405,3160,5525,6025,2390
4/28/2021,6320,3140,5350,6075,2430
4/29/2021,6410,3200,5425,6050,2510
4/30/2021,6405,3200,5500,6000,2490
5/1/2021,7090,3470,6175,7375,2230
5/2/2021,6915,3290,6100,7225,2660
5/3/2021,6800,3320,5500,6725,2420
5/4/2021,6155,3380,5350,6475,2200
5/5/2021,6425,3200,5525,5775,2630
5/7/2021,6110,3040,4940,4950,2240
5/8/2021,6300,3340,4890,4440,2370
5/10/2021,6945,3670,5550,4150,2300
5/11/2021,7450,3770,5925,4430,2360
5/17/2021,6500,3190,5175,5600,2510
5/18/2021,6390,3180,5150,5575,2600
5/19/2021,6345,3160,5050,5450,2550
5/20/2021,6380,3310,5175,5625,2420
5/21/2021,6360,3270,5050,5575,2330
5/24/2021,6325,3260,5100,5725,2270
5/25/2021,6355,3300,5075,5675,2330
5/27/2021,6270,3380,5150,5825,2390
5/28/2021,6340,3270,5150,5775,2460
5/31/2021,6375,3440,5250,5850,2450
6/1/2021,6945,3370,6150,7200,2220
6/4/2021,6165,3370,5350,6475,2330
6/5/2021,6425,3190,5425,5550,2620
6/7/2021,6055,3010,4900,5000,2480
6/8/2021,6160,3320,4940,4420,2330
6/9/2021,6575,3390,5425,4250,2380
6/10/2021,7180,3760,5975,4270,2300
6/12/2021,7350,4170,5650,4200,2320
6/14/2021,6410,3410,5175,5250,2410
6/15/2021,6470,3440,5150,5175,2360
6/16/2021,6385,3410,5150,5200,2320
6/17/2021,6330,3350,5100,5075,2330
6/18/2021,6325,3350,5000,4900,2230
6/21/2021,6250,3300,4920,5100,2200
6/22/2021,6340,3300,4920,5050,2260
6/23/2021,6230,3370,4930,4990,2250
6/24/2021,6210,3250,4940,4960,2250
6/25/2021,6190,3250,4920,5000,2300
6/28/2021,6055,3170,4710,5025,2240
6/29/2021,6045,3160,4840,5000,2220
6/30/2021,6025,3150,4940,4950,2300
7/1/2021,6965,3390,6075,7200,2600
7/4/2021,6250,3400,5325,6525,2360
7/5/2021,6400,3190,5325,5525,2620
7/6/2021,6530,3550,5250,5625,2380
7/7/2021,6065,3030,4900,4930,2460
7/9/2021,6570,3380,5350,4250,2350
7/10/2021,7160,3720,5700,4830,2330
7/12/2021,7350,4150,5925,4270,2340
7/13/2021,6045,3070,4900,5100,2540
7/14/2021,5990,3060,4730,5100,2590
7/15/2021,6115,3130,4810,5150,2610
7/16/2021,6110,3170,4880,5150,2620
7/19/2021,6005,3220,4780,5075,2640
7/21/2021,6010,3210,4870,5125,2560
7/22/2021,6155,3260,4980,5025,2570
7/23/2021,6035,3170,4950,4800,2620
7/26/2021,6005,3190,4770,4700,2630
7/27/2021,6005,3270,4760,4500,2530
7/28/2021,5980,3190,4710,4450,2520
7/29/2021,6040,3230,4650,4330,2590
7/30/2021,5970,3240,4720,4220,2520
8/1/2021,7050,3570,6425,7175,2600
8/2/2021,6920,3280,6100,7100,2830
8/3/2021,6720,3340,5550,6650,2280
8/4/2021,6135,3390,5300,6600,2470
8/6/2021,6430,3500,5275,5475,2350
8/7/2021,6015,3010,4880,4860,2550
8/9/2021,6440,3330,5250,4100,2320
8/10/2021,7290,3800,5900,4760,2340
8/11/2021,7575,3750,5925,4460,2370
8/12/2021,7425,4090,5800,4270,2330
8/13/2021,6410,3300,5025,4250,2380
8/16/2021,6420,3340,5075,4150,2390
8/18/2021,6600,3420,5225,4230,2400
8/19/2021,6600,3390,5150,4110,2270
8/20/2021,6600,3400,5100,4070,2280
8/23/2021,6590,3440,5100,4060,2290
8/24/2021,6600,3400,5075,4080,2270
8/25/2021,6600,3370,5150,4170,2300
8/26/2021,6560,3360,5100,4090,2270
8/27/2021,6510,3320,5050,4030,2260
8/30/2021,6565,3400,5275,4130,2310
8/31/2021,6550,3400,5225,4050,2390
9/2/2021,6980,3200,5825,7100,2730
9/3/2021,6605,3290,5525,6550,2230
9/4/2021,6200,3360,5275,6475,2340
9/6/2021,6530,3390,5325,5300,2460
9/7/2021,6020,3160,4910,4890,2590
9/8/2021,6200,3250,4860,4310,2260
9/9/2021,6570,3390,5450,4100,2440
9/11/2021,7675,3710,5850,4430,2340
9/12/2021,7350,4150,6000,4370,2330
9/13/2021,6555,3350,5450,4040,2520
9/14/2021,6545,3440,5525,4050,2470
9/15/2021,6495,3450,5400,4040,2490
9/16/2021,6500,3440,5375,4010,2410
9/17/2021,6520,3530,5425,3950,2400
9/20/2021,6585,3520,5300,3880,2350
9/21/2021,6490,3530,5225,3840,2360
9/22/2021,6555,3590,5275,4040,2340
9/23/2021,6580,3560,5150,4050,2290
9/24/2021,6585,3560,5150,3970,2290
9/27/2021,6580,3520,5175,3860,2290
9/28/2021,6520,3530,5075,3820,2270
9/29/2021,6580,3530,5325,3920,2310
9/30/2021,7000,3690,5500,3950,2290
10/2/2021,6920,3190,5900,7150,2930
10/3/2021,6705,3400,5425,6575,2230
10/5/2021,6420,3170,5375,5700,2680
10/6/2021,6620,3480,5400,5300,2420
10/8/2021,6300,3230,4910,4250,2340
10/9/2021,6520,3330,5425,4080,2590
10/11/2021,7650,3700,6175,4370,2340
10/12/2021,7375,4150,5925,4430,2320
10/13/2021,7525,3770,6275,5250,2340
10/14/2021,7750,3830,6225,5325,2420
10/15/2021,7650,3810,6250,5225,2470
10/18/2021,7525,3790,6225,5100,2510
10/19/2021,7500,3740,6350,5125,2530
10/21/2021,7400,3850,6150,5000,2450
10/22/2021,7525,3870,6175,4850,2430
10/25/2021,7525,3780,6050,4580,2420
10/26/2021,7525,3800,6150,4640,2400
10/27/2021,7450,3790,6000,4540,2350
10/28/2021,7375,3750,6000,4440,2320
10/29/2021,7475,3800,6025,4420,2340
11/1/2021,7345,3600,6525,7200,2580
11/2/2021,6880,3190,5850,7175,2870
11/5/2021,6480,3180,5225,5625,2670
11/6/2021,6470,3470,5275,5350,2480
11/10/2021,7255,3810,5775,4830,2420
11/11/2021,7675,3650,6175,4660,2370
11/15/2021,7500,3600,6125,4510,2390
11/16/2021,7475,3670,6175,4570,2380
11/17/2021,7575,3630,6250,4500,2350
11/18/2021,7400,3630,6200,4480,2330
11/19/2021,7425,3900,6225,4660,2390
11/22/2021,7475,3800,6200,4840,2370
11/23/2021,7475,3800,6250,4880,2400
11/24/2021,7475,3800,6225,4840,2440
11/25/2021,7425,4000,6225,4820,2440
11/26/2021,7275,4010,5900,4710,2340
11/29/2021,7400,4140,5975,4630,2330
11/30/2021,7275,3990,5775,4480,2300
12/1/2021,7160,3510,6525,7100,2770
12/3/2021,6765,3450,5475,6700,2420
12/4/2021,6065,3310,5075,6325,2250
12/7/2021,6170,3130,4920,5025,2550
12/8/2021,6300,3350,4940,4210,2400
12/10/2021,7320,3780,5875,4930,2370
12/11/2021,7525,3600,6150,4600,2400
12/13/2021,7300,4080,5900,4380,2320
12/14/2021,7300,4100,5875,4290,2290
12/15/2021,7300,4080,6000,4270,2280
12/16/2021,7275,4100,5800,4210,2290
12/17/2021,7500,4100,5800,4150,2250
12/20/2021,7375,4080,5675,4140,2220
12/21/2021,7375,4160,5650,4080,2260
12/22/2021,7325,4110,5625,4060,2250
12/23/2021,7300,4160,5725,4080,2240
12/24/2021,7300,4110,5675,4200,2280
12/27/2021,7350,4080,5675,4210,2300
12/28/2021,7350,4090,5725,4180,2260
12/29/2021,7300,4080,5750,4120,2270
12/30/2021,7300,4040,5700,4110,2250
1/3/2022,8050,4350,5700,3680,2260
1/4/2022,7925,4580,6700,3620,2510
1/7/2022,7250,4020,6525,4830,1750
1/8/2022,7500,4300,6475,4550,2080
1/9/2022,8150,4580,6925,4540,1935
1/11/2022,8800,4420,6575,4530,1810
1/12/2022,9000,3960,6175,4710,2040
1/13/2022,7700,4180,5775,4270,1965
1/14/2022,7850,4190,5725,4220,1950
1/17/2022,7750,4180,5675,4150,1855
1/18/2022,7675,4250,5650,4110,1780
1/19/2022,7675,4250,5600,4100,1725
1/20/2022,7775,4220,5525,4100,1935
1/21/2022,7950,4330,5600,4150,1945
1/24/2022,7800,4300,5525,4080,1885
1/25/2022,7775,4290,5450,4060,1760
1/26/2022,7700,4390,5450,4130,1805
1/27/2022,7800,4270,5475,4060,1765
1/28/2022,7775,4260,5475,4050,1770
1/31/2022,7625,4190,5475,4030,1770
2/2/2022,7800,4170,5500,4050,1780
2/3/2022,7975,4290,5525,3660,2290
2/6/2022,7575,4290,7325,4790,2510
2/8/2022,7600,4450,6475,4600,1995
2/9/2022,8225,4600,6925,4550,1900
2/11/2022,8750,4220,6425,4500,1865
2/12/2022,8900,4000,6125,4710,2040
2/14/2022,7700,4400,5300,3850,1890
2/15/2022,7875,4410,5500,3870,1880
2/16/2022,7975,4400,5475,3870,1880
2/17/2022,7900,4410,5475,3830,1945
2/18/2022,7925,4400,5600,3850,2090
2/21/2022,7950,4370,5575,3850,2170
2/22/2022,7900,4300,5575,3810,2180
2/23/2022,8050,4350,5650,3820,2200
2/24/2022,8000,4240,5700,3690,2220
2/25/2022,8050,4340,5800,3680,2220
3/1/2022,7325,4180,5725,4230,2340
3/2/2022,7725,4200,5500,4010,1840
3/6/2022,7600,4310,7300,4720,2500
3/8/2022,7625,4500,6600,4590,1970
3/10/2022,8500,4460,6625,4850,1890
3/11/2022,8800,4130,6375,4510,1830
3/14/2022,8075,4580,6375,3380,2400
3/15/2022,8150,4620,6300,3280,2370
3/16/2022,8200,4630,6400,3450,2390
3/17/2022,8000,4480,6425,3420,2350
3/18/2022,7900,4540,6400,3360,2390
3/21/2022,7900,4550,6600,3460,2360
3/22/2022,7925,4550,6575,3490,2550
3/23/2022,7900,4550,6475,3410,2500
3/24/2022,7925,4560,6575,3380,2640
3/25/2022,7950,4520,6400,3400,2660
3/28/2022,7900,4600,6700,3460,2630
3/29/2022,7850,4560,6550,3480,2530
3/30/2022,7875,4580,6650,3720,2510
3/31/2022,7975,4580,6575,3660,2440
4/1/2022,7400,4170,5775,4250,2300
4/2/2022,7725,4230,5500,4020,1810
4/3/2022,7900,4400,5625,3520,2450
4/4/2022,7900,4540,6825,3570,2640
4/7/2022,7050,3990,6500,4700,1720
4/8/2022,7800,4550,6600,4600,1970
4/10/2022,8550,4440,6725,4870,1925
4/11/2022,8775,4210,6425,4540,1915
4/13/2022,7800,4690,6975,3440,2790
4/14/2022,7700,4680,6875,3400,2780
4/18/2022,7700,4710,7000,3390,2900
4/19/2022,7625,4680,6900,3350,2850
4/20/2022,7650,4630,6900,3470,2820
4/21/2022,7925,4620,7000,3400,2790
4/22/2022,7875,4620,7050,3430,2740
4/25/2022,8000,4710,7075,3690,2620
4/26/2022,8125,4760,7200,3890,2500
4/27/2022,8200,4770,7125,3810,2560
4/28/2022,8125,4620,7575,3890,2600
5/1/2022,7450,4050,5575,4210,2270
5/4/2022,7900,4520,6900,3680,2670
5/7/2022,7250,3990,6325,4760,1790
5/8/2022,7875,4650,6625,4720,2020
5/9/2022,8275,4620,6875,4530,1970
5/10/2022,8450,4460,6675,4830,1940
5/12/2022,8775,3840,6025,4740,2060
5/13/2022,7325,4260,7125,4800,2330
5/17/2022,7400,4180,7000,4800,2390
5/18/2022,7575,4250,7100,5025,2400
5/19/2022,7450,4210,7000,4880,2460
5/20/2022,7400,4170,7125,5050,2490
5/23/2022,7375,4110,6950,4880,2530
5/24/2022,7350,4150,7150,4810,2570
5/25/2022,7375,4200,7100,4770,2490
5/27/2022,7575,4300,7225,4760,2470
5/30/2022,7575,4250,7250,4650,2560
5/31/2022,7750,4310,7350,4730,2510
6/1/2022,7475,4120,5675,4230,2230
6/4/2022,7750,4430,7000,3600,2650
6/6/2022,7450,4340,7225,4770,2450
6/7/2022,7300,4020,6075,4780,1720
6/9/2022,8275,4510,6900,4510,1990
6/10/2022,8425,4430,6600,4900,1930
6/12/2022,8675,3600,5875,4740,1965
6/13/2022,7350,4080,7025,4690,2260
6/14/2022,7400,4110,6975,4740,2180
6/15/2022,7325,4060,6700,4800,2170
6/16/2022,7575,4040,6850,4800,2150
6/17/2022,7500,4120,6950,4650,2110
6/20/2022,7625,4040,6925,5025,2070
6/21/2022,7650,4110,6850,5050,2150
6/22/2022,7500,4050,6800,4890,2020
6/23/2022,7525,4160,6875,4960,1965
6/24/2022,7475,4150,6675,4990,1970
6/27/2022,7350,4070,6650,4980,1890
6/28/2022,7300,4030,6700,5050,1865
6/29/2022,7275,4040,6500,4940,1835
6/30/2022,7250,4000,6625,4770,1800
7/1/2022,7650,4170,5700,4220,2230
7/2/2022,7800,4290,5475,4000,1810
7/3/2022,7700,4510,5800,3430,2820
7/4/2022,7750,4540,6900,3570,2760
7/6/2022,7375,4250,7200,4730,2420
7/7/2022,7100,4040,5950,5000,1720
7/9/2022,8375,4490,6650,4590,1950
7/10/2022,8200,4350,6475,4840,1935
7/11/2022,8850,4280,6500,4620,2000
7/12/2022,8450,3680,5725,4700,1920
7/13/2022,7000,3940,5825,4900,1720
7/14/2022,7025,4020,6100,4900,1650
7/15/2022,7000,4150,5950,4830,1540
7/18/2022,7150,4190,6025,4980,1560
7/19/2022,7175,4160,6075,4970,1655
7/20/2022,7400,4210,6275,4970,1695
7/21/2022,7400,4260,6175,5000,1675
7/22/2022,7325,4230,6075,5000,1780
7/25/2022,7300,4240,6075,4930,1755
7/26/2022,7300,4250,6100,4930,1790
7/27/2022,7325,4300,6100,4720,1785
7/28/2022,7350,4240,6050,4510,2000
7/29/2022,7350,4230,6325,4510,1955
8/2/2022,7725,4230,5550,4000,1790
8/3/2022,7650,4620,6250,3360,2840
8/4/2022,7850,4580,7000,3540,2800
8/6/2022,7600,4100,7175,4890,2420
8/7/2022,7150,4010,5975,4890,1715
8/8/2022,7875,4700,6700,4790,2060
8/9/2022,8350,4560,6650,4520,1920
8/11/2022,8750,4220,6525,4630,1985
8/12/2022,8500,3740,5675,4660,1990
8/15/2022,7950,4450,6875,4760,2130
8/16/2022,7975,4410,6975,4770,2080
8/18/2022,8000,4550,6975,4790,2050
8/19/2022,7900,4600,6975,4730,2060
8/22/2022,8000,4650,6925,4750,1985
8/23/2022,7900,4660,6975,4810,2030
8/24/2022,7950,4750,7050,4850,2010
8/25/2022,8075,4570,6975,4840,1995
8/26/2022,8000,4490,6875,4610,1955
8/29/2022,8150,4520,6825,4580,1900
8/30/2022,8175,4480,6900,4580,1985
8/31/2022,8200,4560,6975,4590,1990
9/2/2022,7950,4280,5550,3960,1780
9/3/2022,7850,4440,6300,3400,2650
9/5/2022,7600,4310,7050,4010,2530
9/6/2022,7500,4050,7200,4820,2400
9/8/2022,7900,4640,6750,4720,2180
9/9/2022,8375,4600,6775,4500,1975
9/11/2022,8875,4190,6550,4540,2000
9/12/2022,8575,3650,5675,4620,1935
9/13/2022,8525,4520,7200,4670,2070
9/14/2022,8500,4480,7150,4630,2120
9/15/2022,8750,4500,7050,4600,2070
9/16/2022,8450,4410,6900,4630,2040
9/19/2022,8650,4500,7125,4600,2050
9/20/2022,8550,4480,7175,4730,2050
9/21/2022,8475,4430,7150,4810,2080
9/22/2022,8475,4430,7175,4810,2080
9/23/2022,8375,4380,7150,4810,2040
9/26/2022,8425,4460,6975,4790,1970
9/27/2022,8300,4440,6950,4800,1965
9/28/2022,8325,4470,6800,4810,1925
9/29/2022,8375,4440,6775,4850,1920
9/30/2022,8550,4460,6625,4830,1940
10/1/2022,7600,4100,5650,4250,2220
10/2/2022,7750,4460,5450,3980,1880
10/3/2022,7925,4410,6250,3430,2570
10/5/2022,7525,4340,7000,4380,2420
10/6/2022,7350,4020,6925,4750,2290
10/8/2022,7900,4560,6850,4780,2120
10/10/2022,8300,4420,6500,4800,1910
10/11/2022,8800,4170,6525,4560,2000
10/13/2022,8275,4300,6350,4840,1830
10/14/2022,8250,4290,6350,4810,1820
10/17/2022,8250,4330,6425,4830,1805
10/18/2022,8300,4250,6350,4900,1795
10/19/2022,8275,4200,6525,5350,1825
10/20/2022,8500,4350,6425,5400,1820
10/21/2022,8650,4360,6575,5300,1800
10/24/2022,8900,4410,6650,5325,1795
10/25/2022,8700,4390,6700,5275,1770
10/26/2022,8550,4370,6575,5400,1810
10/27/2022,8700,4370,6650,5350,1840
10/28/2022,8750,4450,6550,4980,1835
10/31/2022,8800,4390,6650,4640,1845
11/1/2022,7700,4090,5700,4180,2080
11/2/2022,7825,4450,5450,3900,1845
11/3/2022,7950,4590,6275,3370,2520
11/4/2022,7725,4590,6850,3460,2630
11/5/2022,7650,4330,6900,4880,2400
11/7/2022,7125,4040,6050,4800,1720
11/8/2022,7950,4570,6950,4750,2240
11/10/2022,8250,4310,6525,4730,1895
11/11/2022,8850,4150,6450,4540,2120
11/14/2022,8750,4050,6300,4590,2120
11/15/2022,8800,4050,6225,4610,2160
11/16/2022,8600,4050,6175,4610,2030
11/17/2022,8725,4040,6300,4590,1975
11/18/2022,8825,4010,6225,4640,1960
11/21/2022,8725,4030,6325,4550,1960
11/22/2022,8900,4000,6225,4560,1935
11/23/2022,8875,3970,6200,4550,1975
11/24/2022,9000,4030,6200,4560,1970
11/25/2022,8975,4030,6175,4600,1950
11/28/2022,9025,3980,6225,4710,1915
11/29/2022,8975,3980,6050,4700,1965
11/30/2022,9300,4040,6050,4800,1985
12/1/2022,7700,4110,5725,4330,1935
12/4/2022,7800,4630,6950,3520,2670
12/5/2022,7275,4300,6850,4690,2330
12/7/2022,7175,4010,6100,4880,1740
12/8/2022,7925,4550,6950,4770,2220
12/9/2022,8375,4540,6975,4550,1980
12/10/2022,8325,4340,6350,4790,1880
12/12/2022,8700,3700,5675,4690,1950
12/13/2022,8700,3750,5825,4720,1930
12/14/2022,8625,3750,5825,4720,1940
12/15/2022,8500,3670,5800,4700,1935
12/16/2022,8600,3680,5775,4870,2020
12/19/2022,8650,3720,5700,4730,2040
12/20/2022,8575,3720,5700,4770,2010
12/21/2022,8675,3790,5700,4780,2040
12/22/2022,8575,3750,5775,4840,2030
12/23/2022,8500,3780,5675,4820,2000
12/26/2022,8575,3750,5650,4750,2000
12/27/2022,8600,3810,5675,4810,1990
12/28/2022,8650,3730,5625,4770,2010
12/29/2022,8575,3780,5650,4760,2010
12/30/2022,8550,3750,5700,4700,1985
1/2/2023,8500,3870,6000,4630,2370
1/3/2023,8600,3930,6150,4150,2000
1/8/2023,9125,3750,6875,3770,2040
1/9/2023,9225,3720,6550,3660,1955
1/11/2023,8600,3620,5800,3580,1650
1/12/2023,8950,3830,5750,3630,1705
1/13/2023,8050,3780,5450,4790,2150
1/16/2023,8150,3850,5600,4770,2180
1/17/2023,8325,3950,5550,4760,2270
1/18/2023,8300,3930,5650,4800,2260
1/19/2023,8325,3890,5850,4800,2270
1/20/2023,8300,3870,5900,4810,2320
1/24/2023,8225,3850,5925,4830,2320
1/25/2023,8200,3840,5950,4850,2290
1/26/2023,8475,3970,5900,4800,2320
1/27/2023,8700,3960,5875,4750,2300
1/30/2023,8700,3960,5875,4760,2290
1/31/2023,8475,3850,6000,4660,2310
2/1/2023,8550,3800,5700,4620,1980
2/2/2023,8450,3890,5925,4730,2350
2/3/2023,8625,3880,6150,4150,2010
2/5/2023,9050,4190,6675,4400,2060
2/8/2023,9200,3690,6850,3690,2010
2/10/2023,9075,3750,6275,3700,1805
2/11/2023,8850,3620,5800,3590,1650
2/13/2023,8875,3790,5725,4520,2240
2/14/2023,8950,3800,5725,4560,2210
2/15/2023,8875,3790,5675,4550,2200
2/16/2023,8700,3770,5700,4520,2110
2/17/2023,8725,3760,5675,4510,2090
2/20/2023,8750,3820,5600,4540,2080
2/21/2023,8700,3840,5575,4500,2080
2/22/2023,8675,3860,5625,4480,2050
2/23/2023,8725,3970,5650,4400,2030
2/24/2023,8675,4040,5750,4350,2000
2/27/2023,8775,3960,5800,4300,2010
2/28/2023,8750,3880,6100,4180,1990
3/1/2023,8550,3860,5650,4600,2000
3/2/2023,8700,3880,5875,4690,2330
3/3/2023,8475,3900,6050,4060,1995
3/4/2023,8800,4080,6000,4290,2090
3/5/2023,8925,4150,6625,4400,2120
3/7/2023,9075,4000,6825,4310,1965
3/8/2023,9250,3720,6825,3770,2010
3/10/2023,9200,3770,6200,3590,1765
3/11/2023,8900,3570,5900,3550,1655
3/13/2023,8550,4070,5925,4160,1850
3/14/2023,8325,4020,5775,4210,1815
3/15/2023,8325,4010,5775,4100,1855
3/16/2023,8300,4050,5850,4070,1795
3/17/2023,8375,4050,5850,4160,1895
3/20/2023,8400,3990,5875,4160,1900
3/21/2023,8500,4120,5875,4200,1885
3/24/2023,8825,4070,5950,4270,1895
3/27/2023,8700,4050,5875,4290,1960
3/28/2023,8675,4050,5850,4300,1995
3/29/2023,8800,4100,5950,4360,2080
3/30/2023,8825,4090,5900,4260,2090
3/31/2023,8750,4060,6000,4350,2090
4/1/2023,8350,3820,5675,4640,2050
4/4/2023,8775,4060,6025,4290,2050
4/5/2023,9000,4150,6600,4450,2130
4/7/2023,9050,3970,6775,4330,1970
4/8/2023,9150,3690,6800,3740,2020
4/9/2023,9225,3730,6600,3660,1950
4/10/2023,9200,3780,6075,3580,1740
4/12/2023,8925,3810,5750,3630,1750
4/13/2023,8925,4340,6250,4100,2130
4/14/2023,9000,4340,6200,4150,2110
4/17/2023,9025,4270,6225,4130,2120
4/18/2023,9125,4270,6425,4090,2100
4/26/2023,9200,4400,6700,4100,2110
4/27/2023,9150,4320,6700,4400,2080
4/28/2023,9050,4250,6750,4400,2100
5/1/2023,8250,3770,5375,4730,1965
5/4/2023,8725,4150,6000,4250,2100
5/5/2023,9000,4170,6150,4490,2040
5/6/2023,9200,4080,6825,4500,1975
5/7/2023,9050,3980,6775,4310,1985
5/9/2023,9225,3740,6600,3620,1950
5/10/2023,9075,3720,6025,3660,1705
5/12/2023,8900,3850,5725,3620,1745
5/15/2023,8775,3980,6350,4500,1990
5/16/2023,8700,3980,6275,4510,1970
5/17/2023,8775,3990,6325,4460,1935
5/19/2023,9000,4020,6475,4430,1955
5/22/2023,9000,4040,6600,4420,1940
5/23/2023,9125,4040,6600,4450,1945
5/24/2023,9025,4160,6675,4410,1950
5/25/2023,9050,4120,6600,4410,1945
5/26/2023,9150,4130,6600,4380,1920
5/29/2023,9150,4200,6600,4550,1935
5/30/2023,9250,4120,6500,4540,1940
5/31/2023,9050,4040,6450,4530,1895
6/1/2023,8300,3710,5450,4760,1985
6/2/2023,8725,3880,5850,4730,2270
6/3/2023,8400,3880,6075,4170,1960
6/4/2023,8750,4250,5925,4250,2100
6/6/2023,9150,4090,6800,4460,2010
6/7/2023,9075,3960,6800,4250,2020
6/9/2023,9150,3790,6525,3650,1945
6/10/2023,9025,3780,6075,3800,1715
6/11/2023,9050,3650,5925,3620,1700
6/12/2023,8800,3920,5725,3510,1700
6/13/2023,9150,4030,6750,4510,2010
6/14/2023,9075,4000,6900,4440,2030
6/15/2023,9050,4020,6875,4520,2040
6/16/2023,9050,3970,6850,4390,2060
6/19/2023,9000,3960,6875,4380,2030
6/20/2023,9050,3990,6800,4300,2020
6/21/2023,9125,3980,6925,4360,2010
6/22/2023,9050,3940,6775,4250,2010
6/23/2023,9050,3950,6775,4270,2010
6/26/2023,9075,3990,6800,4230,1950
6/27/2023,9150,4000,6775,4260,1950
7/2/2023,8850,3800,5875,4860,2250
7/3/2023,8425,3880,5950,4080,1940
7/6/2023,9100,4150,6800,4570,2020
7/7/2023,9025,3960,6825,4240,1975
7/8/2023,9275,3680,6875,3720,2040
7/9/2023,9175,3760,6400,3630,1955
7/11/2023,8975,3570,5825,3570,1690
7/12/2023,8825,3910,5675,3570,1635
7/13/2023,9125,3920,6800,4250,1990
7/14/2023,9200,3930,6750,4250,2000
7/17/2023,9175,3910,6675,4270,1990
7/18/2023,9150,3850,6575,4270,1990
7/20/2023,9150,3850,6525,4220,1990
7/21/2023,9150,3860,6450,4290,1975
7/24/2023,9100,3900,6550,4290,1975
7/25/2023,9150,3880,6500,4050,1975
7/26/2023,9350,3880,6600,3970,1985
7/27/2023,9225,3720,6525,3840,1970
7/28/2023,9125,3720,6625,3870,1960
7/31/2023,9125,3720,6850,3850,1985
8/2/2023,8825,3840,5800,5025,2240
8/3/2023,8575,3940,5925,4100,1885
8/5/2023,9000,4060,6125,4470,2070
8/6/2023,9125,4170,6775,4600,1985
8/8/2023,9200,3730,6850,3750,2010
8/9/2023,9125,3690,6400,3610,1945
8/11/2023,9000,3520,5725,3600,1660
8/12/2023,8750,3940,5675,3510,1685
8/14/2023,9350,3830,6800,3730,2000
8/15/2023,9300,3820,6725,3730,1990
8/16/2023,9300,3830,6750,3730,1960
8/18/2023,9250,3760,6525,3690,1950
8/21/2023,9175,3740,6475,3710,1950
8/22/2023,9300,3750,6550,3710,1945
8/23/2023,9300,3740,6550,3750,1955
8/24/2023,9200,3720,6475,3720,1995
8/25/2023,9275,3720,6450,3760,1990
8/28/2023,9200,3700,6425,3780,1995
8/29/2023,9250,3720,6400,3760,1995
8/30/2023,9200,3810,6450,3740,1995
8/31/2023,9175,3730,6450,3670,1990
9/1/2023,8450,3790,5350,4760,2060
9/2/2023,8900,3770,5675,4920,2220
9/3/2023,8575,3970,6025,4100,1875
9/5/2023,8925,4070,6325,4390,2110
9/6/2023,9100,4150,6800,4550,1975
9/8/2023,9400,3770,6875,3720,2010
9/10/2023,9050,3760,6125,3720,1810
9/11/2023,9000,3530,5750,3600,1655
9/13/2023,9075,3710,6300,3590,1915
9/14/2023,9100,3680,6325,3560,1900
9/15/2023,9000,3720,6300,3500,1900
9/18/2023,9000,3680,6300,3470,1845
9/19/2023,9075,3730,6350,3580,1840
9/20/2023,9150,3810,6300,3630,1860
9/21/2023,9125,3810,6200,3770,1835
9/22/2023,9075,3860,6200,3850,1850
9/25/2023,9000,3770,6250,3820,1850
9/26/2023,8950,3760,6200,3820,1840
9/27/2023,8875,3720,6150,3770,1820
9/29/2023,8825,3750,6225,3740,1815
10/1/2023,8175,3830,5325,4690,2040
10/2/2023,8825,3800,5700,4580,2220
10/3/2023,8450,4010,5975,4110,1880
10/4/2023,8800,4300,5975,4290,2020
10/5/2023,8925,4130,6325,4500,2100
10/7/2023,9050,3950,6775,4250,1980
10/8/2023,9400,3800,6750,3680,1990
10/10/2023,8925,3810,6050,3670,1815
10/11/2023,8825,3550,5775,3590,1625
10/13/2023,9075,3850,5975,3650,1755
10/16/2023,9100,3760,5850,3650,1805
10/17/2023,8950,3790,5850,3830,1810
10/18/2023,8850,3750,5825,3820,1850
10/19/2023,8750,3730,5725,3810,1815
10/20/2023,8975,3700,5700,3860,1825
10/23/2023,8850,3610,5600,3840,1750
10/24/2023,8775,3650,5800,3990,1765
10/25/2023,8875,3600,5775,4080,1730
10/26/2023,8725,3480,5725,3980,1730
10/27/2023,8700,3500,5725,3980,1725
10/30/2023,8850,3420,5800,3790,1725
10/31/2023,8750,3490,5775,3620,1705
11/1/2023,8125,3870,5225,4700,2070
11/4/2023,8825,4300,6075,4200,2110
11/5/2023,8825,4090,6250,4430,2040
11/7/2023,9025,3980,6800,4250,2000
11/8/2023,9400,3810,6750,3700,1990
11/9/2023,9125,3700,6375,3650,1955
11/10/2023,8925,3780,6050,3610,1815
11/12/2023,8750,3980,5600,3500,1655
11/13/2023,8875,3520,5650,3530,1620
11/14/2023,8925,3500,5675,3480,1620
11/15/2023,9050,3550,5750,3430,1640
11/16/2023,9075,3540,5825,3460,1650
11/17/2023,9075,3550,5700,3470,1635
11/20/2023,8875,3590,5800,3460,1610
11/21/2023,8775,3620,5775,3480,1620
11/22/2023,8875,3610,5675,3500,1605
11/23/2023,8925,3600,5700,3540,1600
11/24/2023,8925,3620,5725,3530,1605
11/27/2023,8875,3680,5625,3520,1620
11/28/2023,8875,3770,5550,3600,1655
11/29/2023,8900,3720,5525,3630,1700
11/30/2023,8975,3760,5400,3650,1740
12/1/2023,8175,3860,5350,4760,2130
12/4/2023,8900,4310,6250,4190,2110
12/5/2023,8800,3980,6225,4400,2000
12/6/2023,9150,4050,6775,4610,1995
12/7/2023,9175,3980,6775,4210,1990
12/9/2023,9100,3710,6300,3620,1945
12/10/2023,9050,3830,5950,3630,1775
12/12/2023,8700,3910,5575,3430,1625
12/13/2023,8675,3920,5525,3450,1595
12/14/2023,9050,3940,5625,3400,1640
12/15/2023,9225,3980,5650,3500,1670
12/18/2023,9200,3970,5600,3410,1665
12/19/2023,9250,3970,5625,3430,1640
12/20/2023,9300,3960,5625,3460,1635
12/21/2023,9325,3950,5550,3470,1635
12/22/2023,9325,3960,5550,3470,1665
12/27/2023,9375,3940,5550,3470,1735
12/28/2023,9400,3960,5600,3540,1715
12/29/2023,9400,3950,5650,3530,1705
1/2/2024,9425,3990,5700,3550,1735
1/3/2024,9350,3960,5600,3530,1700
1/4/2024,9475,3970,5700,3520,1685
1/5/2024,9575,3890,5625,3520,1675
1/8/2024,9575,3890,5575,3480,1650
1/9/2024,9625,3960,5575,3430,1645
1/10/2024,9550,4000,5525,3410,1655
1/11/2024,9575,3990,5550,3410,1635
1/12/2024,9700,4010,5600,3470,1625
1/15/2024,9725,4000,5525,3430,1605
1/16/2024,9700,4010,5500,3410,1605
1/17/2024,9750,3990,5400,3320,1605
1/18/2024,9675,3950,5375,3300,1620
1/19/2024,9625,3940,5350,3240,1645
1/22/2024,9625,3980,5225,3120,1645
1/23/2024,9600,3950,5125,3180,1610
1/24/2024,9525,3970,5075,3200,1535
1/25/2024,9500,3980,5050,3160,1555
1/26/2024,9350,3980,5075,3160,1575
1/29/2024,9550,4010,4930,3080,1565
1/30/2024,9650,4000,5100,3130,1565
1/31/2024,9550,3960,5125,3100,1550
2/1/2024,9700,4040,5125,3100,1535
2/2/2024,9700,3990,5325,3170,1525
2/5/2024,9575,3980,5175,3200,1440
2/6/2024,9625,3980,5250,3250,1425
2/7/2024,9700,3980,5325,3270,1410
2/12/2024,9800,4000,5300,2920,1465
2/13/2024,9725,3980,5200,2800,1545
2/15/2024,9850,4030,5125,2930,1540
2/16/2024,9950,4160,5200,2830,1530
2/19/2024,9875,4160,5125,2800,1515
2/20/2024,10025,4210,5200,2760,1505
2/21/2024,9975,4180,5250,2690,1470
2/22/2024,9875,4090,5275,2720,1500
2/23/2024,9825,4100,5125,2690,1550
2/26/2024,9800,4090,5125,2590,1515
2/27/2024,9875,3990,5175,2620,1480
2/28/2024,10000,3990,5225,2700,1490
2/29/2024,9875,4000,5225,2730,1460
3/1/2024,9825,3920,5225,2730,1480
3/4/2024,9750,3940,5200,2670,1460
3/5/2024,9800,3870,5100,2670,1460
3/6/2024,9950,3900,5175,2690,1525
3/7/2024,10125,3900,5125,2730,1575
3/8/2024,10150,3860,5150,2660,1565
3/13/2024,10000,3900,5150,2720,1620
3/14/2024,10325,3960,5275,2690,1645
3/15/2024,10150,3970,5175,2640,1615
3/18/2024,10150,3920,5150,2770,1655
3/19/2024,10175,3940,5225,2740,1660
3/20/2024,10125,3930,5275,2760,1660
3/21/2024,10125,3890,5350,2720,1700
3/22/2024,10100,3900,5375,2720,1670
3/25/2024,10075,3730,5350,2760,1660
3/26/2024,10050,3620,5300,2770,1665
3/27/2024,10075,3490,5275,2730,1635
3/28/2024,10075,3470,5150,2700,1600
4/1/2024,9850,3510,5200,2730,1580
4/2/2024,9900,3490,5275,2740,1640
4/3/2024,9525,3420,5250,2690,1645
4/4/2024,9850,3450,5175,2710,1660
4/5/2024,9825,3430,5275,2680,1670
4/16/2024,9475,3220,5100,2540,1810
4/17/2024,9525,3200,5125,2370,1795
4/18/2024,9475,3250,5100,2390,1725
4/19/2024,9475,3150,4900,2380,1760
4/22/2024,9350,3170,4950,2410,1770
4/23/2024,9725,3100,5025,2330,1740
4/24/2024,9950,3040,4910,2390,1680
4/25/2024,9775,3040,4950,2640,1590
4/26/2024,9625,3030,4880,2590,1595
4/29/2024,9800,3080,5025,2590,1615
4/30/2024,9800,3170,5150,2620,1640
5/2/2024,9550,3120,5175,2640,1510
5/3/2024,9850,3160,5225,2600,1490
5/6/2024,9800,3050,5100,2600,1515
5/7/2024,9700,3090,5050,2540,1505
5/8/2024,9375,3080,5125,2560,1535
5/13/2024,9525,3090,5075,2650,1525
5/14/2024,9550,3120,4580,2700,1525
5/15/2024,9500,3100,4530,2680,1565
5/16/2024,9600,3010,4710,2700,1565
5/17/2024,9750,2990,4800,2710,1620
5/20/2024,9475,2990,4740,2700,1655
5/21/2024,9375,2950,4700,2910,1565
5/22/2024,9425,2940,4710,3060,1525
5/27/2024,9300,2810,4550,3260,1495
5/28/2024,9300,2860,4510,3280,1515
5/29/2024,9150,2810,4460,3010,1525
5/30/2024,9000,2810,4320,3110,1490
5/31/2024,9250,2900,4290,3120,1465
6/3/2024,9275,2930,4500,3080,1470
6/4/2024,9350,3000,4580,3130,1440
6/5/2024,9450,3060,4600,3070,1340
6/6/2024,9475,3050,4560,3080,1315
6/7/2024,9325,3050,4560,3010,1300
6/10/2024,9525,3010,4510,3070,1240
6/11/2024,9300,2880,4350,3060,1255
6/12/2024,9250,2920,4360,3060,1270
6/13/2024,9200,2840,4460,3060,1255
6/14/2024,9200,2720,4420,3200,1210
6/19/2024,9050,2830,4450,3070,1215
6/20/2024,9425,2840,4450,3040,1215
6/21/2024,9600,2950,4490,2990,1230
6/24/2024,9600,2950,4430,3010,1250
6/25/2024,9600,2990,4400,3010,1225
6/26/2024,9500,3000,4420,3010,1215
6/27/2024,9750,3030,4430,3080,1230
6/28/2024,9925,3130,4460,3020,1250
7/1/2024,9875,3090,4620,2960,1305
7/2/2024,9900,3040,4530,2970,1295
7/3/2024,10000,3030,4570,2940,1315
7/4/2024,9825,2960,4550,2920,1325
7/5/2024,9950,3020,4580,2910,1310
7/8/2024,10050,3080,4640,3050,1365
7/9/2024,10075,3080,4560,3000,1345
7/10/2024,10100,3160,4540,2960,1345
7/11/2024,10075,3180,4510,2900,1360
7/12/2024,10075,3220,4540,2920,1360
7/15/2024,10050,3160,4470,2930,1350
7/16/2024,9950,3100,4380,2810,1340
7/17/2024,9800,3250,4460,2860,1380
7/18/2024,10100,3210,4540,2800,1375
7/19/2024,10125,3140,4530,2800,1350
7/22/2024,10100,3100,4520,2740,1340
7/23/2024,10175,3160,4450,2730,1315
7/24/2024,10075,3060,4530,2720,1310
7/25/2024,10300,3090,4490,2490,1280
7/26/2024,10325,3100,4610,2490,1295
7/29/2024,10250,3050,4610,2460,1310
7/30/2024,10175,2880,4540,2430,1300
7/31/2024,10275,2880,4720,2440,1315
8/1/2024,10375,2880,4740,2500,1345
8/2/2024,10200,2850,4690,2430,1345
8/5/2024,9875,2790,4560,2410,1285
8/6/2024,10000,2790,4610,2460,1295
8/7/2024,10100,2820,4630,2480,1295
8/8/2024,10225,2850,4740,2460,1270
8/9/2024,10150,2830,4760,2460,1285
8/12/2024,10200,2870,4760,2460,1310
8/13/2024,10300,2850,4760,2450,1310
8/14/2024,10200,2860,4890,2430,1305
8/15/2024,10225,2870,4890,2380,1385
8/16/2024,10325,2960,4970,2390,1460
8/19/2024,10375,2930,5025,2360,1470
8/20/2024,10425,2980,5125,2370,1475
8/21/2024,10425,2970,5075,2360,1470
8/22/2024,10325,2920,5000,2350,1440
8/23/2024,10325,2950,5100,2350,1450
8/26/2024,10325,2980,5150,2350,1480
8/27/2024,10200,2990,5150,2290,1470
8/28/2024,10350,2980,5025,2250,1450
8/29/2024,10225,3030,5075,2240,1410
8/30/2024,10325,3060,5100,2270,1390
9/2/2024,10275,3140,5200,2290,1395
9/3/2024,10175,3080,5125,2250,1370
9/4/2024,10300,3080,5050,2240,1345
9/5/2024,10250,3020,5075,2220,1345
9/6/2024,10300,3040,5050,2220,1335
9/9/2024,10275,3030,5025,2190,1320
9/10/2024,10350,3030,5025,2210,1320
9/11/2024,10425,3040,5025,2190,1315
9/12/2024,10475,3050,5025,2220,1345
9/13/2024,10425,3110,5075,2200,1335
9/17/2024,10500,3090,5075,2180,1380
9/18/2024,10625,3120,5250,2210,1365
9/19/2024,10900,3140,5275,2200,1375
9/20/2024,10775,3150,5225,2170,1370
9/23/2024,10950,3170,5225,2210,1395
9/24/2024,10800,3160,5275,2260,1410
9/25/2024,10850,3190,5225,2300,1440
9/26/2024,10700,3170,5250,2300,1425
9/27/2024,10650,3050,5100,2270,1470
9/30/2024,10325,2990,5050,2210,1480
10/1/2024,10550,3020,5175,2210,1500
10/2/2024,10500,2920,5150,2170,1535
10/3/2024,10450,2890,5250,2190,1535
10/4/2024,10475,2880,5150,2170,1525
10/7/2024,10300,2900,5100,2270,1545
10/8/2024,10400,2990,5225,2310,1525
10/9/2024,10425,2960,5075,2280,1515
10/10/2024,10500,2950,5125,2280,1535
10/11/2024,10375,2940,5075,2270,1565
10/14/2024,10500,2900,4930,2320,1630
10/15/2024,10625,2940,4930,2350,1600
10/16/2024,10475,3000,4960,2440,1570
10/17/2024,10725,3040,4950,2370,1620
10/18/2024,10750,3100,4920,2330,1625
10/21/2024,10675,3100,5100,2330,1690
10/22/2024,10500,3010,5275,2320,1670
10/23/2024,10650,2940,5300,2330,1650
10/24/2024,10700,2900,5275,2130,1620
10/25/2024,10750,2910,5225,2100,1585
10/28/2024,10600,2920,5250,2020,1610
10/29/2024,10500,2900,5125,2020,1615
10/30/2024,10350,2900,5200,1960,1630
10/31/2024,10250,2820,5100,1965,1600
11/1/2024,10425,2780,5075,1955,1520
11/4/2024,10375,2800,5125,1870,1525
11/5/2024,10500,2770,5175,1780,1575
11/6/2024,10450,2740,5050,1755,1540
11/7/2024,10175,2760,5000,1735,1575
11/8/2024,10075,2750,4960,1760,1585
11/11/2024,10050,2690,4970,1740,1530
11/12/2024,10150,2600,4970,1825,1565
11/13/2024,10150,2580,5025,1800,1500
11/14/2024,10100,2530,4950,1770,1480
11/15/2024,10175,2540,4940,1845,1400
11/18/2024,10000,2590,4930,1820,1395
11/19/2024,9925,2780,4970,1805,1475
11/20/2024,10075,2680,5000,1805,1470
11/21/2024,9850,2770,4890,1740,1490
11/22/2024,9850,2750,4910,1795,1450
11/25/2024,10175,2740,5175,1915,1485
11/26/2024,10000,2710,5150,1870,1450
11/28/2024,10000,2720,5125,1885,1420
11/29/2024,10000,2710,5100,1865,1430
12/2/2024,9750,2680,4940,1875,1410
12/3/2024,10200,2820,5125,1875,1450
12/4/2024,10200,2840,5225,1910,1465
12/5/2024,10250,2770,5200,1875,1490
12/6/2024,10075,2760,5150,1870,1485
12/9/2024,10350,2740,5225,1895,1490
12/10/2024,10350,2770,5225,2000,1625
12/11/2024,10425,2860,5250,1945,1600
12/12/2024,10175,2820,5100,1905,1615
12/13/2024,10050,2790,5125,1870,1585
12/16/2024,10100,2660,5125,1825,1560
12/17/2024,9900,2620,4980,1760,1510
12/18/2024,9800,2570,5000,1805,1515
12/19/2024,9675,2530,4880,1770,1470
12/20/2024,9650,2550,4870,1750,1420
12/23/2024,9775,2650,4950,1785,1455
12/24/2024,9750,2740,4880,1780,1435
12/27/2024,9800,2750,4930,1840,1525
12/30/2024,9675,2710,4900,1885,1525
1/2/2025,9900,2700,4950,1835,1545
1/3/2025,9850,2750,4950,1775,1520
1/6/2025,9675,2690,4860,1745,1465
1/7/2025,9525,2570,4920,1780,1435
1/8/2025,9675,2650,4810,1725,1430
1/9/2025,9850,2620,4930,1690,1420
1/10/2025,9725,2680,4900,1705,1465
1/13/2025,9675,2670,4750,1720,1480
1/14/2025,9525,2620,4750,1745,1520
1/15/2025,9800,2630,4940,1735,1530
1/16/2025,9750,2590,4880,1785,1520
1/17/2025,9900,2660,4940,1790,1520
1/20/2025,9625,2610,4910,1750,1510
1/21/2025,9575,2630,4910,1730,1510
1/22/2025,9600,2730,4960,1695,1520
1/23/2025,9600,2710,4900,1740,1490
1/24/2025,9350,2690,4870,1690,1490
1/30/2025,9150,2640,4780,1650,1395
1/31/2025,9450,2660,4800,1630,1390
2/3/2025,9350,2630,4760,1580,1380
2/4/2025,9175,2640,4800,1565,1400
2/5/2025,9125,2620,4740,1565,1450
2/6/2025,8950,2560,4550,1510,1400
2/7/2025,9350,2590,4650,1425,1430
2/10/2025,9150,2440,4570,1505,1385
2/11/2025,9075,2320,4610,1425,1400
2/12/2025,9150,2480,4640,1375,1395
2/13/2025,9000,2420,4660,1415,1470
2/14/2025,8975,2530,4680,1465,1530
2/17/2025,9325,2650,4740,1440,1555
2/18/2025,9300,2680,4800,1450,1550
2/19/2025,8950,2670,4700,1375,1575
2/20/2025,9000,2670,4720,1350,1685
2/21/2025,9000,2650,4750,1290,1620
2/24/2025,8925,2600,4700,1265,1640
2/25/2025,8825,2460,4560,1150,1635
2/26/2025,8775,2520,4580,1200,1630
2/27/2025,8525,2490,4590,1200,1625
2/28/2025,8425,2350,4530,1015,1585
3/3/2025,8800,2400,4680,1125,1585
3/4/2025,8850,2380,4690,1090,1540
3/5/2025,9000,2450,4900,1120,1620
3/6/2025,8975,2400,4900,1140,1625
3/7/2025,8925,2410,4930,1200,1630
3/10/2025,8925,2390,4770,1180,1490
3/11/2025,8925,2370,4800,1190,1520
3/12/2025,9125,2450,4810,1150,1545
3/13/2025,8975,2430,4730,1260,1535
3/14/2025,8750,2420,4620,1300,1590
3/17/2025,8600,2420,4620,1365,1655
3/18/2025,8300,2420,4650,1360,1635
3/19/2025,8325,2430,4690,1360,1660
3/20/2025,8375,2390,4710,1305,1645
3/21/2025,7900,2310,4840,1295,1585
3/24/2025,7950,2330,4690,1250,1590
3/25/2025,8050,2340,4650,1245,1600
3/26/2025,8525,2440,4800,1240,1650
3/27/2025,8500,2410,4920,1265,1635
4/8/2025,7775,2290,4480,1180,1400
4/9/2025,7925,2320,4620,1155,1475
4/10/2025,8225,2350,4710,1285,1630
4/11/2025,8275,2330,4710,1310,1690
4/14/2025,8400,2430,4930,1360,1830
4/15/2025,8575,2450,4870,1330,1860
4/16/2025,8475,2480,4780,1320,1925
4/17/2025,8500,2550,4750,1320,1945
4/21/2025,8300,2570,4790,1345,2090
4/22/2025,8500,2550,4740,1385,2190
4/23/2025,8725,2630,4820,1425,2070
4/24/2025,8475,2630,4770,1495,2150
4/25/2025,8600,2600,4860,1750,2140
4/28/2025,8775,2560,4890,1665,2130
4/29/2025,8725,2590,4800,1680,2180
4/30/2025,8825,2640,4800,1715,2170
5/2/2025,8975,2680,4790,1755,2290
5/5/2025,8975,2700,4780,1775,2320
5/6/2025,9025,2680,4750,1835,2540
5/7/2025,9075,2620,4830,1810,2750
5/8/2025,8975,2570,4780,1780,2610
5/9/2025,9000,2600,4780,1780,2680
5/14/2025,9275,2590,4810,1785,2550
5/15/2025,9275,2660,4820,1790,2550
5/16/2025,9300,2740,4880,1765,2640
5/19/2025,9500,2820,4940,1765,2720
5/20/2025,9475,2740,4860,1710,2730
5/21/2025,9700,2750,4670,1760,2910
5/22/2025,9650,2800,4630,1815,2960
5/23/2025,9675,2690,4740,1785,3130
5/26/2025,9625,2800,4730,1765,3110
5/27/2025,9450,2830,4700,1740,3030
5/28/2025,9400,2820,4850,1730,3110
6/2/2025,9100,2780,4780,1730,3320
6/3/2025,9050,2800,4700,1690,3360
6/4/2025,8975,2820,4610,1645,3550
6/5/2025,8925,2840,4610,1625,3450
6/10/2025,9100,2910,4600,1620,3260
6/11/2025,9050,2800,4610,1615,3280
6/12/2025,9125,2780,4560,1625,3170
6/13/2025,9025,2740,4570,1560,3300
6/16/2025,8925,2740,4610,1500,3280
6/17/2025,9075,2760,4600,1480,3470
6/18/2025,8900,2770,4590,1470,3550
6/19/2025,8775,2690,4530,1450,3330
6/20/2025,8700,2640,4490,1380,3200
6/23/2025,8625,2580,4430,1365,3190
6/24/2025,8775,2590,4470,1445,3090
6/25/2025,8600,2620,4470,1455,2930
6/26/2025,8650,2710,4450,1460,2940
6/30/2025,8675,2780,4500,1450,3040
