Date,Rate
2019-09-20,14155.0
2019-09-23,14147.0
2019-09-24,14169.0
2019-09-25,14205.0
2019-09-26,14233.0
2019-09-27,14268.0
2019-09-30,14245.0
2019-10-01,14267.0
2019-10-02,14278.0
2019-10-03,14264.0
2019-10-04,14206.0
2019-10-07,14227.0
2019-10-08,14241.0
2019-10-09,14253.0
2019-10-10,14228.0
2019-10-11,14210.0
2019-10-14,14196.63
2019-10-15,14210.7
2019-10-16,14257.93
2019-10-17,14242.86
2019-10-18,14210.7
2019-10-21,14202.66
2019-10-22,14128.29
2019-10-23,14121.25
2019-10-24,14065.98
2019-10-25,14134.32
2019-10-28,14093.11
2019-10-29,14098.14
2019-10-30,14114.22
2019-10-31,14078.04
2019-11-01,14136.33
2019-11-04,14072.01
2019-11-05,14101.16
2019-11-06,14061.96
2019-11-07,14110.2
2019-11-08,14090.1
2019-11-11,14110.2
2019-11-12,14129.3
2019-11-13,14152.41
2019-11-14,14168.49
2019-11-15,14139.35
2019-11-18,14145.38
2019-11-19,14161.46
2019-11-20,14167.49
2019-11-21,14182.56
2019-11-22,14170.5
2019-11-25,14161.46
2019-11-26,14151.41
2019-11-27,14166.48
2019-11-28,14169.5
2019-11-29,14172.51
2019-12-02,14192.61
2019-12-03,14200.65
2019-12-04,14195.63
2019-12-05,14164.47
2019-12-06,14107.19
2019-12-09,14091.11
2019-12-10,14074.02
2019-12-11,14095.13
2019-12-12,14112.21
2019-12-13,14051.91
2019-12-16,14074.02
2019-12-17,14088.09
2019-12-18,14077.04
2019-12-19,14052.92
2019-12-20,14062.97
2019-12-23,14047.89
2019-12-26,14051.91
2019-12-27,14025.78
2019-12-30,14014.73
2019-12-31,13970.51
2020-01-02,13964.48
2020-01-03,13968.5
2020-01-06,14030.81
2020-01-07,13988.6
2020-01-08,14003.67
2020-01-09,13929.3
2020-01-10,13881.06
2020-01-13,13776.54
2020-01-14,13722.27
2020-01-15,13774.53
2020-01-16,13726.29
2020-01-17,13716.24
2020-01-20,13722.27
2020-01-21,13726.29
2020-01-22,13746.39
2020-01-23,13694.13
2020-01-24,13700.16
2020-01-27,13680.06
2020-01-28,13715.24
2020-01-29,13702.17
2020-01-30,13720.26
2020-01-31,13730.31
2020-02-03,13794.63
2020-02-04,13828.8
2020-02-05,13785.59
2020-02-06,13730.31
2020-02-07,13715.24
2020-02-10,13776.54
2020-02-11,13754.43
2020-02-12,13727.3
2020-02-13,13747.4
2020-02-14,13775.54
2020-02-17,13761.47
2020-02-18,13744.38
2020-02-19,13785.59
2020-02-20,13803.68
2020-02-21,13845.89
2020-02-24,13932.32
2020-02-25,13962.47
2020-02-26,14035.83
2020-02-27,14088.09
2020-02-28,14305.17
2020-03-02,14485.07
2020-03-03,14293.11
2020-03-04,14241.86
2020-03-05,14238.84
2020-03-06,14338.34
2020-03-09,14413.71
2020-03-10,14483.06
2020-03-11,14394.62
2020-03-12,14562.45
2020-03-13,14889.08
2020-03-16,14892.09
2020-03-17,15158.42
2020-03-18,15299.12
2020-03-19,15790.56
2020-03-20,16354.37
2020-03-23,16691.04
2020-03-24,16568.43
2020-03-26,16409.64
2020-03-27,16311.15
2020-03-30,16417.68
2020-03-31,16448.84
2020-04-01,16495.07
2020-04-02,16824.71
2020-04-03,16546.32
2020-04-06,16638.78
2020-04-07,16492.05
2020-04-08,16326.23
2020-04-09,16322.21
2020-04-13,15919.2
2020-04-14,15800.61
2020-04-15,15785.54
2020-04-16,15865.94
2020-04-17,15580.52
2020-04-20,15620.72
2020-04-21,15721.22
2020-04-22,15644.84
2020-04-23,15708.15
2020-04-24,15630.77
2020-04-27,15668.96
2020-04-28,15565.44
2020-04-29,15492.08
2020-04-30,15232.79
2020-05-04,15148.37
2020-05-05,15179.52
2020-05-06,15202.64
2020-05-08,15084.05
2020-05-11,15010.68
2020-05-12,15052.89
2020-05-13,14961.44
2020-05-14,15020.73
2020-05-15,14983.55
2020-05-18,14959.43
2020-05-19,14897.12
2020-05-20,14858.93
2020-05-26,14847.87
2020-05-27,14834.81
2020-05-28,14842.85
2020-05-29,14806.67
2020-06-02,14574.51
2020-06-03,14316.23
2020-06-04,14235.83
2020-06-05,14170.5
2020-06-08,14025.78
2020-06-09,14042.87
2020-06-10,14153.42
2020-06-11,14084.07
2020-06-12,14328.29
2020-06-15,14299.14
2020-06-16,14225.78
2020-06-17,14305.17
2020-06-18,14256.93
2020-06-19,14313.21
2020-06-22,14280.05
2020-06-23,14336.33
2020-06-24,14230.8
2020-06-25,14302.16
2020-06-26,14310.2
2020-06-29,14440.85
2020-06-30,14373.51
2020-07-01,14412.71
2020-07-02,14588.58
2020-07-03,14638.83
2020-07-06,14619.74
2020-07-07,14528.28
2020-07-08,14532.3
2020-07-09,14518.23
2020-07-10,14573.51
2020-07-13,14558.43
2020-07-14,14584.56
2020-07-15,14689.08
2020-07-16,14705.16
2020-07-17,14853.9
2020-07-20,14906.16
2020-07-21,14887.07
2020-07-22,14728.28
2020-07-23,14742.35
2020-07-24,14687.07
2020-07-27,14678.03
2020-07-28,14615.72
2020-07-29,14642.85
2020-07-30,14726.27
2020-08-03,14786.57
2020-08-04,14770.49
2020-08-05,14696.12
2020-08-06,14659.94
2020-08-07,14720.24
2020-08-10,14823.75
2020-08-11,14801.64
2020-08-12,14850.89
2020-08-13,14951.39
2020-08-14,14991.59
2020-08-18,14981.54
2020-08-19,14859.93
2020-08-24,14867.97
2020-08-25,14705.16
2020-08-26,14709.18
2020-08-27,14787.57
2020-08-28,14775.51
2020-08-31,14626.77
2020-09-01,14688.08
2020-09-02,14878.02
2020-09-03,14892.09
2020-09-04,14865.96
2020-09-07,14827.77
2020-09-08,14871.99
2020-09-09,14927.27
2020-09-10,14945.36
2020-09-11,15053.9
2020-09-14,15048.87
2020-09-15,14944.35
2020-09-16,14918.22
2020-09-17,14952.39
2020-09-18,14841.84
2020-09-21,14796.62
2020-09-22,14855.91
2020-09-23,14909.18
2020-09-24,15023.75
2020-09-25,15025.76
2020-09-28,15033.8
2020-09-29,14994.6
2020-09-30,14992.59
2020-10-01,14950.38
2020-10-02,14964.45
2020-10-05,14941.34
2020-10-06,14785.56
2020-10-07,14857.92
2020-10-08,14823.75
2020-10-09,14810.69
2020-10-12,14819.73
2020-10-13,14866.97
2020-10-14,14853.9
2020-10-15,14833.8
2020-10-16,14839.83
2020-10-19,14814.71
2020-10-20,14802.65
2020-10-21,14731.29
2020-10-22,14770.49
2020-10-23,14811.69
2020-10-26,14770.49
2020-10-27,14763.45
2020-10-28,14763.45
2020-10-29,14763.45
2020-10-30,14763.45
2020-11-02,14791.59
2020-11-03,14682.05
2020-11-04,14629.79
2020-11-05,14511.2
2020-11-06,14392.61
2020-11-09,14242.86
2020-11-10,14085.08
2020-11-11,14146.38
2020-11-12,14257.94
2020-11-13,14293.11
2020-11-16,14209.7
2020-11-17,14143.37
2020-11-18,14188.59
2020-11-19,14237.84
2020-11-20,14299.14
2020-11-23,14234.82
2020-11-24,14266.98
2020-11-25,14239.85
2020-11-26,14200.65
2020-11-27,14215.73
2020-11-30,14198.64
2020-12-01,14248.89
2020-12-02,14234.82
2020-12-03,14247.89
2020-12-04,14252.91
2020-12-07,14205.68
2020-12-08,14234.82
2020-12-09,14234.82
2020-12-10,14200.65
2020-12-11,14172.51
2020-12-14,14228.79
2020-12-15,14241.86
2020-12-16,14221.76
2020-12-17,14222.76
2020-12-18,14216.73
2020-12-21,14250.9
2020-12-22,14289.09
2020-12-23,14353.41
2020-12-24,14353.41
2020-12-25,14353.41
2020-12-28,14254.92
2020-12-29,14239.85
2020-12-30,14175.53
2020-12-31,14175.53
2021-01-04,13972.52
2021-01-05,14014.73
2021-01-06,13995.63
2021-01-07,14007.69
2021-01-08,14128.29
2021-01-11,14225.78
2021-01-12,14302.16
2021-01-13,14179.55
2021-01-14,14189.6
2021-01-15,14138.34
2021-01-18,14150.4
2021-01-19,14156.43
2021-01-20,14135.33
2021-01-21,14109.2
2021-01-22,14124.27
2021-01-25,14152.41
2021-01-26,14156.43
2021-01-27,14161.46
2021-01-28,14189.6
2021-01-29,14154.42
2021-02-01,14112.21
2021-02-02,14114.22
2021-02-03,14087.09
2021-02-04,14106.18
2021-02-05,14132.31
2021-02-08,14070.0
2021-02-09,14070.0
2021-02-10,14058.95
2021-02-11,14081.06
2021-02-12,14081.06
2021-02-15,14015.73
2021-02-16,13944.38
2021-02-17,14089.1
2021-02-18,14129.3
2021-02-19,14155.43
2021-02-22,14168.49
2021-02-23,14196.63
2021-02-24,14159.45
2021-02-25,14174.52
2021-02-26,14300.15
2021-03-01,14371.5
2021-03-02,14378.54
2021-03-03,14405.67
2021-03-04,14370.5
2021-03-05,14442.86
2021-03-08,14461.95
2021-03-09,14540.34
2021-03-10,14493.11
2021-03-11,14493.11
2021-03-12,14442.86
2021-03-15,14490.09
2021-03-16,14496.12
2021-03-17,14531.3
2021-03-18,14484.06
2021-03-19,14548.38
2021-03-22,14528.28
2021-03-23,14493.11
2021-03-24,14527.28
2021-03-25,14536.32
2021-03-26,14518.23
2021-03-29,14506.17
2021-03-30,14553.41
2021-03-31,14644.86
2021-04-01,14649.89
2021-04-02,14649.89
2021-04-05,14656.92
2021-04-06,14605.67
2021-04-07,14591.6
2021-04-08,14585.57
2021-04-09,14652.9
2021-04-12,14652.9
2021-04-13,14704.16
2021-04-14,14721.24
2021-04-15,14706.17
2021-04-16,14719.23
2021-04-19,14664.96
2021-04-20,14640.84
2021-04-21,14580.54
2021-04-22,14621.75
2021-04-23,14602.65
2021-04-26,14620.74
2021-04-27,14561.45
2021-04-28,14569.49
2021-04-29,14582.55
2021-04-30,14540.34
2021-05-03,14525.27
2021-05-04,14539.34
2021-05-05,14503.16
2021-05-06,14511.2
2021-05-07,14435.82
2021-05-10,14360.45
2021-05-11,14268.99
2021-05-12,14268.99
2021-05-13,14268.99
2021-05-14,14268.99
2021-05-17,14274.02
2021-05-18,14355.42
2021-05-19,14371.5
2021-05-20,14384.57
2021-05-21,14467.98
2021-05-24,14446.88
2021-05-25,14433.81
2021-05-26,14433.81
2021-05-27,14406.68
2021-05-28,14383.56
2021-05-31,14381.55
2021-06-01,14381.55
2021-06-02,14363.46
2021-06-03,14347.38
2021-06-04,14368.49
2021-06-07,14387.58
2021-06-08,14342.36
2021-06-09,14333.31
2021-06-10,14333.31
2021-06-11,14311.2
2021-06-14,14277.03
2021-06-15,14293.11
2021-06-16,14315.22
2021-06-17,14328.29
2021-06-18,14449.89
2021-06-21,14475.02
2021-06-22,14525.27
2021-06-23,14493.11
2021-06-24,14526.27
2021-06-25,14534.31
2021-06-28,14519.24
2021-06-29,14544.36
2021-06-30,14568.48
2021-07-01,14614.71
2021-07-02,14611.7
2021-07-05,14636.82
2021-07-06,14554.41
2021-07-07,14540.34
2021-07-08,14572.5
2021-07-09,14620.74
2021-07-12,14620.74
2021-07-13,14558.43
2021-07-14,14558.43
2021-07-15,14565.47
2021-07-16,14575.52
2021-07-19,14589.59
2021-07-21,14596.62
2021-07-22,14626.77
2021-07-23,14580.54
2021-07-26,14573.51
2021-07-27,14566.47
2021-07-28,14561.45
2021-07-29,14570.49
2021-07-30,14563.46
2021-08-02,14534.31
2021-08-03,14528.28
2021-08-04,14433.81
2021-08-05,14395.62
2021-08-06,14413.71
2021-08-09,14440.85
2021-08-10,14449.89
2021-08-12,14468.99
2021-08-13,14460.95
2021-08-16,14459.94
2021-08-18,14454.92
2021-08-19,14455.92
2021-08-20,14486.07
2021-08-23,14536.32
2021-08-24,14487.08
2021-08-25,14462.96
2021-08-26,14480.04
2021-08-27,14495.12
2021-08-30,14503.16
2021-08-31,14445.87
2021-09-01,14377.53
2021-09-02,14355.42
2021-09-03,14352.41
2021-09-06,14332.31
2021-09-07,14310.2
2021-09-08,14265.98
2021-09-09,14337.33
2021-09-10,14343.36
2021-09-13,14296.13
2021-09-14,14331.3
2021-09-15,14328.29
2021-09-16,14323.26
2021-09-17,14309.19
2021-09-20,14304.17
2021-09-21,14322.26
2021-09-22,14315.22
2021-09-23,14320.25
2021-09-24,14327.28
2021-09-27,14321.25
2021-09-28,14329.29
2021-09-29,14340.35
2021-09-30,14378.54
2021-10-01,14392.61
2021-10-04,14386.58
2021-10-05,14347.38
2021-10-06,14331.3
2021-10-07,14316.23
2021-10-08,14309.19
2021-10-11,14296.13
2021-10-12,14281.05
2021-10-13,14288.09
2021-10-14,14292.11
2021-10-15,14225.78
2021-10-18,14154.42
2021-10-19,14166.48
2021-10-21,14150.4
2021-10-22,14203.67
2021-10-25,14232.81
2021-10-26,14253.92
2021-10-27,14235.83
2021-10-28,14254.92
2021-10-29,14270.0
2021-11-01,14241.86
2021-11-02,14306.18
2021-11-03,14332.31
2021-11-04,14372.51
2021-11-05,14398.64
2021-11-08,14445.87
2021-11-09,14339.34
2021-11-10,14304.17
2021-11-11,14324.27
2021-11-12,14359.44
2021-11-15,14314.22
2021-11-16,14277.03
2021-11-17,14282.06
2021-11-18,14330.3
2021-11-19,14302.16
2021-11-22,14308.19
2021-11-23,14326.28
2021-11-24,14343.36
2021-11-25,14343.36
2021-11-26,14351.4
2021-11-29,14351.4
2021-11-30,14411.7
2021-12-01,14391.6
2021-12-02,14424.77
2021-12-03,14449.89
2021-12-06,14480.04
2021-12-07,14513.21
2021-12-08,14480.04
2021-12-09,14419.74
2021-12-10,14422.76
2021-12-13,14449.89
2021-12-14,14417.73
2021-12-15,14419.74
2021-12-16,14408.69
2021-12-17,14414.72
2021-12-20,14414.72
2021-12-21,14455.92
2021-12-22,14420.75
2021-12-23,14335.32
2021-12-24,14322.26
2021-12-27,14290.1
2021-12-28,14296.13
2021-12-29,14308.19
2021-12-30,14336.33
2021-12-31,14340.35
2022-01-03,14349.39
2022-01-04,14341.35
2022-01-05,14381.55
2022-01-06,14436.83
2022-01-07,14467.98
2022-01-10,14431.8
2022-01-11,14394.62
2022-01-12,14370.5
2022-01-13,14373.51
2022-01-14,14382.56
2022-01-17,14381.55
2022-01-18,14394.62
2022-01-19,14396.63
2022-01-20,14441.85
2022-01-21,14425.77
2022-01-24,14418.74
2022-01-25,14398.64
2022-01-26,14429.79
2022-01-27,14417.73
2022-01-28,14456.93
2022-01-31,14452.91
2022-02-02,14463.96
2022-02-03,14418.74
2022-02-04,14452.91
2022-02-07,14447.88
2022-02-08,14476.02
2022-02-09,14456.93
2022-02-10,14437.83
2022-02-11,14415.72
2022-02-14,14430.8
2022-02-15,14409.69
2022-02-16,14363.46
2022-02-17,14349.39
2022-02-18,14372.51
2022-02-21,14410.7
2022-02-22,14400.65
2022-02-23,14433.81
2022-02-24,14426.78
2022-02-25,14442.86
2022-03-01,14440.85
2022-03-02,14421.75
2022-03-04,14444.87
2022-03-07,14454.92
2022-03-08,14483.06
2022-03-09,14465.97
2022-03-10,14442.86
2022-03-11,14369.49
2022-03-14,14377.53
2022-03-15,14399.64
2022-03-16,14392.61
2022-03-17,14382.56
2022-03-18,14361.45
2022-03-21,14411.7
2022-03-22,14412.71
2022-03-23,14429.79
2022-03-24,14422.76
2022-03-25,14432.81
2022-03-28,14412.71
2022-03-29,14431.8
2022-03-30,14435.82
2022-03-31,14420.75
2022-04-01,14428.79
2022-04-04,14435.82
2022-04-05,14433.81
2022-04-06,14419.74
2022-04-07,14435.82
2022-04-08,14430.8
2022-04-11,14436.83
2022-04-12,14441.85
2022-04-13,14435.82
2022-04-14,14430.8
2022-04-18,14420.75
2022-04-19,14427.78
2022-04-20,14418.74
2022-04-21,14422.76
2022-04-22,14419.74
2022-04-25,14432.81
2022-04-26,14524.26
2022-04-27,14484.06
2022-04-28,14490.09
2022-05-09,14552.4
2022-05-10,14606.67
2022-05-11,14618.73
2022-05-12,14618.73
2022-05-13,14657.93
2022-05-17,14692.1
2022-05-18,14724.26
2022-05-19,14755.41
2022-05-20,14804.66
2022-05-23,14734.31
2022-05-24,14738.33
2022-05-25,14726.27
2022-05-27,14718.23
2022-05-30,14650.89
2022-05-31,14616.72
2022-06-02,14664.96
2022-06-03,14598.63
2022-06-06,14503.16
2022-06-07,14534.31
2022-06-08,14536.32
2022-06-09,14549.39
2022-06-10,14627.78
2022-06-13,14641.85
2022-06-14,14745.36
2022-06-15,14802.65
2022-06-16,14819.73
2022-06-17,14814.71
2022-06-20,14902.14
2022-06-21,14910.18
2022-06-22,14878.02
2022-06-23,14934.3
2022-06-24,14909.18
2022-06-27,14920.23
2022-06-28,14876.01
2022-06-29,14911.19
2022-06-30,14922.24
2022-07-01,14956.41
2022-07-04,15030.78
2022-07-05,15034.8
2022-07-06,15064.95
2022-07-07,15090.08
2022-07-08,15060.93
2022-07-11,15055.91
2022-07-12,15043.84
2022-07-13,15067.97
2022-07-14,15059.92
2022-07-15,15074.0
2022-07-18,15074.0
2022-07-19,15060.93
2022-07-20,15066.96
2022-07-21,15058.92
2022-07-22,15092.08
2022-07-25,15099.12
2022-07-26,15066.96
2022-07-27,15058.92
2022-07-28,15095.1
2022-07-29,15032.79
2022-08-01,14934.3
2022-08-02,14948.37
2022-08-03,14962.44
2022-08-04,14991.58
2022-08-05,15003.65
2022-08-08,14978.52
2022-08-09,14989.58
2022-08-10,14936.31
2022-08-11,14949.38
2022-08-12,14873.0
2022-08-15,14761.44
2022-08-16,14800.64
2022-08-18,14840.83
2022-08-19,14896.11
2022-08-22,14932.29
2022-08-23,14956.41
2022-08-24,14967.47
2022-08-25,14925.25
2022-08-26,14901.14
2022-08-29,14888.07
2022-08-30,14961.43
2022-08-31,14949.38
2022-09-01,14927.26
2022-09-02,14958.42
2022-09-05,14974.5
2022-09-06,14994.6
2022-09-07,14959.42
2022-09-08,15001.64
2022-09-09,14979.52
2022-09-12,14920.23
2022-09-13,14913.19
2022-09-14,14935.31
2022-09-15,14997.61
2022-09-16,14973.5
2022-09-19,15013.69
2022-09-20,15054.9
2022-09-21,15049.88
2022-09-22,15086.06
2022-09-23,15108.17
2022-09-26,15110.17
2022-09-27,15194.59
2022-09-28,15230.77
2022-09-29,15319.22
2022-09-30,15323.24
2022-10-03,15308.16
2022-10-04,15369.47
2022-10-05,15352.38
2022-10-06,15271.98
2022-10-07,15272.99
2022-10-10,15322.23
2022-10-11,15375.5
2022-10-12,15438.81
2022-10-13,15449.86
2022-10-14,15433.78
2022-10-17,15466.95
2022-10-18,15557.4
2022-10-19,15546.34
2022-10-20,15568.45
2022-10-21,15656.9
2022-10-24,15688.05
2022-10-25,15667.95
2022-10-26,15694.08
2022-10-27,15673.98
2022-10-28,15650.86
2022-10-31,15619.71
2022-11-01,15673.98
2022-11-02,15725.24
2022-11-03,15730.26
2022-11-04,15759.41
2022-11-07,15814.68
2022-11-08,15770.46
2022-11-09,15762.42
2022-11-10,15732.27
2022-11-11,15779.5
2022-11-14,15570.47
2022-11-15,15576.5
2022-11-16,15641.82
2022-11-17,15688.05
2022-11-18,15765.43
2022-11-21,15770.46
2022-11-22,15785.53
2022-11-23,15794.58
2022-11-24,15778.5
2022-11-25,15725.24
2022-11-28,15746.34
2022-11-29,15807.65
2022-11-30,15815.68
2022-12-01,15820.71
2022-12-02,15695.08
2022-12-05,15506.15
2022-12-06,15486.05
2022-12-07,15653.88
2022-12-08,15697.09
2022-12-09,15702.12
2022-12-12,15664.93
2022-12-13,15720.21
2022-12-14,15739.31
2022-12-15,15697.09
2022-12-16,15708.15
2022-12-19,15695.08
2022-12-20,15699.1
2022-12-21,15686.04
2022-12-22,15679.0
2022-12-23,15671.97
2022-12-26,15683.02
2022-12-27,15714.18
2022-12-28,15737.3
2022-12-29,15781.51
2022-12-30,15809.66
2023-01-02,15669.96
2023-01-03,15649.86
2023-01-04,15667.95
2023-01-05,15693.08
2023-01-06,15688.05
2023-01-09,15713.17
2023-01-10,15651.87
2023-01-11,15666.94
2023-01-12,15604.64
2023-01-13,15442.83
2023-01-16,15252.89
2023-01-17,15094.09
2023-01-18,15229.77
2023-01-19,15212.68
2023-01-20,15188.57
2023-01-24,15196.6
2023-01-25,15004.65
2023-01-26,15032.79
2023-01-27,15038.82
2023-01-30,15052.89
2023-01-31,15053.9
2023-02-01,15066.96
2023-02-02,15065.95
2023-02-03,14942.34
2023-02-06,14972.49
2023-02-07,15130.27
2023-02-08,15214.69
2023-02-09,15197.61
2023-02-10,15195.6
2023-02-13,15215.7
2023-02-14,15292.08
2023-02-15,15243.84
2023-02-16,15269.97
2023-02-17,15251.88
2023-02-20,15275.0
2023-02-21,15243.84
2023-02-22,15254.9
2023-02-23,15294.09
2023-02-24,15262.93
2023-02-27,15292.08
2023-02-28,15350.37
2023-03-01,15316.2
2023-03-02,15326.25
2023-03-03,15349.36
2023-03-06,15382.53
2023-03-07,15377.5
2023-03-08,15435.8
2023-03-09,15528.25
2023-03-10,15515.19
2023-03-13,15545.34
2023-03-14,15450.87
2023-03-15,15456.9
2023-03-16,15441.83
2023-03-17,15495.09
2023-03-20,15440.82
2023-03-21,15448.86
2023-03-24,15425.75
2023-03-27,15264.94
2023-03-28,15249.87
2023-03-29,15163.44
2023-03-30,15169.47
2023-03-31,15137.31
2023-04-03,15051.89
2023-04-04,15064.95
2023-04-05,14987.57
2023-04-06,15007.67
2023-04-10,15017.72
2023-04-11,14979.52
2023-04-12,14962.44
2023-04-13,14940.33
2023-04-14,14865.96
2023-04-17,14739.33
2023-04-18,14846.86
2023-04-26,14929.27
2023-04-27,14956.41
2023-04-28,14824.75
2023-05-02,14734.31
2023-05-03,14776.51
2023-05-04,14779.53
2023-05-05,14705.16
2023-05-08,14747.37
2023-05-09,14782.55
2023-05-10,14830.78
2023-05-11,14819.73
2023-05-12,14795.61
2023-05-15,14825.76
2023-05-16,14886.06
2023-05-17,14884.05
2023-05-19,14949.38
2023-05-22,15010.68
2023-05-23,14971.49
2023-05-24,14952.39
2023-05-25,14979.52
2023-05-26,15026.76
2023-05-29,15033.8
2023-05-30,15047.86
2023-05-31,15043.84
2023-06-05,15078.01
2023-06-06,14962.44
2023-06-07,14913.19
2023-06-08,14949.38
2023-06-09,14977.51
2023-06-12,14927.26
2023-06-13,14948.37
2023-06-14,14942.34
2023-06-15,14969.48
2023-06-16,15017.72
2023-06-19,15019.73
2023-06-20,15068.97
2023-06-21,15115.2
2023-06-22,15056.91
2023-06-23,14992.59
2023-06-26,15072.99
2023-06-27,15101.13
2023-07-03,15075.0
2023-07-04,15109.17
2023-07-05,15093.09
2023-07-06,15088.07
2023-07-07,15137.31
2023-07-10,15211.68
2023-07-11,15267.96
2023-07-12,15237.81
2023-07-13,15159.42
2023-07-14,15052.89
2023-07-17,15019.73
2023-07-18,15082.03
2023-07-20,15068.97
2023-07-21,15065.95
2023-07-24,15101.13
2023-07-25,15103.14
2023-07-26,15082.03
2023-07-27,15107.16
2023-07-28,15078.01
2023-07-31,15158.42
2023-08-01,15167.46
2023-08-02,15192.58
2023-08-03,15246.85
2023-08-04,15273.99
2023-08-07,15243.84
2023-08-08,15253.89
2023-08-09,15305.15
2023-08-10,15282.03
2023-08-11,15280.02
2023-08-14,15301.13
2023-08-15,15399.61
2023-08-16,15422.73
2023-08-18,15384.54
2023-08-21,15384.54
2023-08-22,15405.65
2023-08-23,15402.63
2023-08-24,15395.59
2023-08-25,15329.26
2023-08-28,15373.49
2023-08-29,15370.47
2023-08-30,15339.32
2023-08-31,15315.19
2023-09-01,15313.18
2023-09-04,15328.26
2023-09-05,15323.24
2023-09-06,15336.3
2023-09-07,15383.53
2023-09-08,15410.67
2023-09-11,15417.7
2023-09-12,15428.76
2023-09-13,15420.72
2023-09-14,15443.83
2023-09-15,15433.78
2023-09-18,15443.83
2023-09-19,15449.86
2023-09-20,15457.91
2023-09-21,15472.98
2023-09-22,15473.99
2023-09-25,15459.92
2023-09-26,15476.0
2023-09-27,15541.32
2023-09-29,15603.63
2023-10-02,15564.43
2023-10-03,15596.59
2023-10-04,15678.0
2023-10-05,15714.18
2023-10-06,15679.0
2023-10-09,15706.14
2023-10-10,15753.38
2023-10-11,15786.54
2023-10-12,15788.55
2023-10-13,15780.51
2023-10-16,15787.55
2023-10-17,15794.58
2023-10-18,15796.59
2023-10-19,15809.66
2023-10-20,15917.19
2023-10-23,15935.28
2023-10-24,16022.72
2023-10-25,15948.34
2023-10-26,15950.35
2023-10-27,16012.67
2023-10-30,16020.7
2023-10-31,15995.58
2023-11-01,15976.49
2023-11-02,16025.73
2023-11-03,15940.31
2023-11-06,15849.85
2023-11-07,15627.75
2023-11-08,15670.97
2023-11-09,15707.15
2023-11-10,15727.25
2023-11-13,15771.47
2023-11-14,15791.57
2023-11-15,15777.5
2023-11-16,15580.51
2023-11-17,15672.98
2023-11-20,15581.52
2023-11-21,15496.09
2023-11-22,15513.18
2023-11-23,15661.92
2023-11-24,15670.97
2023-11-27,15664.93
2023-11-28,15604.64
2023-11-29,15527.25
2023-11-30,15460.92
2023-12-01,15561.42
2023-12-04,15601.62
2023-12-05,15523.23
2023-12-06,15581.52
2023-12-07,15581.52
2023-12-08,15613.68
2023-12-11,15577.5
2023-12-12,15692.07
2023-12-13,15709.16
2023-12-14,15707.15
2023-12-15,15570.47
2023-12-18,15580.51
2023-12-19,15593.58
2023-12-20,15583.53
2023-12-21,15589.56
2023-12-22,15610.67
2023-12-27,15566.44
2023-12-28,15491.07
2023-12-29,15493.08
2024-01-02,15516.19
2024-01-03,15550.36
2024-01-04,15572.48
2024-01-05,15602.63
2024-01-08,15595.59
2024-01-09,15599.61
2024-01-10,15595.59
2024-01-11,15645.84
2024-01-12,15635.79
2024-01-15,15636.8
2024-01-16,15632.77
2024-01-17,15669.96
2024-01-18,15717.19
2024-01-19,15708.15
2024-01-22,15706.14
2024-01-23,15705.14
2024-01-24,15734.28
2024-01-25,15797.59
2024-01-26,15845.83
2024-01-29,15908.15
2024-01-30,15904.13
2024-01-31,15874.98
2024-02-01,15882.01
2024-02-02,15853.88
2024-02-05,15766.44
2024-02-06,15783.52
2024-02-07,15812.67
2024-02-12,15763.42
2024-02-13,15690.06
2024-02-15,15662.92
2024-02-16,15684.03
2024-02-19,15732.27
2024-02-20,15708.15
2024-02-21,15737.3
2024-02-22,15736.29
2024-02-23,15708.15
2024-02-26,15666.94
2024-02-27,15713.17
2024-02-28,15733.27
2024-02-29,15751.36
2024-03-01,15793.58
2024-03-04,15774.48
2024-03-05,15801.61
2024-03-06,15834.78
2024-03-07,15801.61
2024-03-08,15736.29
2024-03-13,15681.01
2024-03-14,15653.88
2024-03-15,15659.91
2024-03-18,15702.12
2024-03-19,15750.36
2024-03-20,15790.56
2024-03-21,15805.64
2024-03-22,15740.31
2024-03-25,15851.86
2024-03-26,15873.98
2024-03-27,15875.99
2024-03-28,15932.26
2024-04-01,15952.36
2024-04-02,15988.55
2024-04-03,16013.67
2024-04-04,16002.61
2024-04-05,15986.53
2024-04-16,15952.36
2024-04-17,16256.88
2024-04-18,16321.2
2024-04-19,16257.89
2024-04-22,16361.4
2024-04-23,16305.12
2024-04-24,16325.22
2024-04-25,16241.81
2024-04-26,16289.04
2024-04-29,16303.11
2024-04-30,16330.25
2024-05-02,16357.38
2024-05-03,16283.01
2024-05-06,16174.47
2024-05-07,16105.13
2024-05-08,16134.27
2024-05-13,16161.41
2024-05-14,16165.42
2024-05-15,16211.66
2024-05-16,16150.35
2024-05-17,16023.72
2024-05-20,16057.89
2024-05-21,16059.9
2024-05-22,16104.12
2024-05-27,16074.98
2024-05-28,16144.32
2024-05-29,16175.48
2024-05-30,16240.8
2024-05-31,16334.26
2024-06-03,16332.25
2024-06-04,16306.13
2024-06-05,16301.1
2024-06-06,16363.41
2024-06-07,16360.4
2024-06-10,16299.09
2024-06-11,16371.45
2024-06-12,16376.48
2024-06-13,16378.49
2024-06-14,16367.43
2024-06-19,16455.87
2024-06-20,16449.84
2024-06-21,16502.1
2024-06-24,16540.29
2024-06-25,16513.15
2024-06-26,16460.9
2024-06-27,16517.17
2024-06-28,16503.1
2024-07-01,16475.97
2024-07-02,16436.78
2024-07-03,16465.92
2024-07-04,16468.94
2024-07-05,16422.71
2024-07-08,16393.56
2024-07-09,16346.33
2024-07-10,16362.41
2024-07-11,16337.28
2024-07-12,16281.0
2024-07-15,16234.77
2024-07-16,16254.87
2024-07-17,16284.01
2024-07-18,16209.65
2024-07-19,16240.8
2024-07-22,16280.0
2024-07-23,16309.14
2024-07-24,16285.02
2024-07-25,16305.12
2024-07-26,16349.34
2024-07-29,16375.47
2024-07-30,16367.43
2024-07-31,16401.6
2024-08-01,16375.47
2024-08-02,16324.22
2024-08-05,16315.17
2024-08-06,16234.77
2024-08-07,16263.92
2024-08-08,16180.5
2024-08-09,16031.76
2024-08-12,15993.57
2024-08-13,16042.82
2024-08-14,15964.42
2024-08-15,15769.45
2024-08-16,15765.43
2024-08-19,15794.58
2024-08-20,15668.95
2024-08-21,15557.4
2024-08-22,15533.28
2024-08-23,15656.9
2024-08-26,15631.77
2024-08-27,15456.9
2024-08-28,15586.55
2024-08-29,15553.38
2024-08-30,15486.05
2024-09-02,15550.36
2024-09-03,15613.68
2024-09-04,15634.78
2024-09-05,15567.45
2024-09-06,15487.05
2024-09-09,15448.86
2024-09-10,15523.23
2024-09-11,15524.24
2024-09-12,15492.08
2024-09-13,15498.1
2024-09-17,15482.02
2024-09-18,15414.69
2024-09-19,15426.75
2024-09-20,15363.43
